-- phpMyAdmin SQL Dump
-- version 5.0.1
-- https://www.phpmyadmin.net/
--
-- Servidor: localhost
-- Tiempo de generación: 25-02-2022 a las 12:28:52
-- Versión del servidor: 10.4.11-MariaDB
-- Versión de PHP: 7.4.3

SET SQL_MODE = "NO_AUTO_VALUE_ON_ZERO";
SET AUTOCOMMIT = 0;
START TRANSACTION;
SET time_zone = "+00:00";


/*!40101 SET @OLD_CHARACTER_SET_CLIENT=@@CHARACTER_SET_CLIENT */;
/*!40101 SET @OLD_CHARACTER_SET_RESULTS=@@CHARACTER_SET_RESULTS */;
/*!40101 SET @OLD_COLLATION_CONNECTION=@@COLLATION_CONNECTION */;
/*!40101 SET NAMES utf8mb4 */;

--
-- Base de datos: `veredeporte`
--

-- --------------------------------------------------------

--
-- Estructura de tabla para la tabla `campo`
--

CREATE TABLE `campo` (
  `id` int(11) NOT NULL,
  `tipo` varchar(255) COLLATE utf8mb4_unicode_ci NOT NULL
) ENGINE=InnoDB DEFAULT CHARSET=utf8mb4 COLLATE=utf8mb4_unicode_ci;

--
-- Volcado de datos para la tabla `campo`
--

INSERT INTO `campo` (`id`, `tipo`) VALUES
(4, 'Futbol 1'),
(5, 'Futbol 2'),
(6, 'Baloncesto 1');

-- --------------------------------------------------------

--
-- Estructura de tabla para la tabla `doctrine_migration_versions`
--

CREATE TABLE `doctrine_migration_versions` (
  `version` varchar(191) COLLATE utf8_unicode_ci NOT NULL,
  `executed_at` datetime DEFAULT NULL,
  `execution_time` int(11) DEFAULT NULL
) ENGINE=InnoDB DEFAULT CHARSET=utf8 COLLATE=utf8_unicode_ci;

--
-- Volcado de datos para la tabla `doctrine_migration_versions`
--

INSERT INTO `doctrine_migration_versions` (`version`, `executed_at`, `execution_time`) VALUES
('DoctrineMigrations\\Version20220225022354', '2022-02-25 03:23:58', 114),
('DoctrineMigrations\\Version20220225022458', '2022-02-25 03:25:02', 107);

-- --------------------------------------------------------

--
-- Estructura de tabla para la tabla `equipo`
--

CREATE TABLE `equipo` (
  `id` int(11) NOT NULL,
  `capitan_id` int(11) DEFAULT NULL,
  `nombre` varchar(255) COLLATE utf8mb4_unicode_ci NOT NULL,
  `photo` longblob NOT NULL
) ENGINE=InnoDB DEFAULT CHARSET=utf8mb4 COLLATE=utf8mb4_unicode_ci;

--
-- Volcado de datos para la tabla `equipo`
--

INSERT INTO `equipo` (`id`, `capitan_id`, `nombre`, `photo`) VALUES
(1, 5, 'Valencia FC', 0x89504e470d0a1a0a0000000d494844520000012c000000a808030000006df5233d000000f3504c5445ffffff295481d53c42004176265280004377003f7523517f204f7e154a7b1c4d7d00447710487ad32830f5dbdc11497af0c3c4f6f7f9bea25ae9ecf0a0adbfeff1f4f8f9fadfe3e98a9bb2315984d3d9e1b0bbcab8c2cfe3e7ecc9d0da607a9a7c90aac4ccd73f628a95a4b9d4333a8194ad7389a557739649698fd21e27a6b2c369819fb4becc9ba9bd46678d526f93f8e6e6c8a856ebb2b4e9a8aa00346f00306df7e3e4da6064e49395dd6f73d74a4ff2d0d1e69c9ed9575bd00617fcf3f345607eb29b60757873a59364e08386da5d62f0c8c9df787c978b6b5f6d7989836d7176749c8e68af996153667a00458700266893543d4b00001c2249444154789ced5d6963db36d2260d82271c5591258ad449c93a2c59569cb84d9ba36937dd5e6fbbdbffff6b5ecc0c48811449a7dd34a6dc4c3f34d645e2e11ccf0c0680617c96cff2593e8b26ed519c0c07838d94c1751287dd87bea1464a3b1ef42711e35c48f1505a220838b3568bcdb8f3d0b7d71c09374b9305c2772cb3445cd7134c4c76e3de43dfe7834b67b0e5dc73cb50d2c572bcc0deefe287bedd07947017310d28cbf17d4f8880071c2408a441ba1a8e8ec7bdc5f8a16ffa41a4bb99712f353ccb178279fbe57c301cc761a7d3ed7646619c0c768b095a6806992f5afdf0a16ffd53cb786ba748397ec0668b41dcaefa6c389caf7890a9a0cf67834f79ab0f2d8328504377055b7f90ef0e375b16f84a0f5bbcff0f2115bd9d68590a29be1c962954af570adfb8ef72df22b3b597a3bff93e9b203be5a92ccfde26b977c264d3dfee23c14802eb66b2d80df3e619f75b829452c2f5d8e9d74610542e8f369af6c49b656407c2f35dc73ab02dc771253565de64976888252bdb57704d2bfddc2390b129c8feecc9813285172b5b728452469a8600c1a2fe813474fadc23b8d8c5430ce3534877c249ab347f335e78454eea0a4dfc8c8449c0b6d7a9324abf471ada8a1e2751dd3057419546b23073403a568b789c49d2773dedad96e6e62e027cc762cbc79707756e048d6d926ad5f58cfb45a4a47805cbba60ba81ba81374fb19e13fa7eebb1b1fa010d4ca456d39e0be1a03f2aaa56112c2366f90fc830a8387c774b40b2e9a71ccadf2e5b8ec0b00dfdd9ee33e44b96c7f6fda004ac4e4882d16e200eef22c02e9b28b8c626daa21f3d1ed23532d1de821519504f42454e3bba9054691e1c8335b703147b075f986586e8ee9947b0a7d6dcb71175fbfaa106f7916588e37198cae83669d6620af2d6537104d62e75eb367ce42273f2c2685f982aa42a921546f82e9f3ec8d83eb6f4d1e77837a4567124323d11ca336fbd4ab0dca5fc2b49d1f4e7f071a5897ea08c7a8a9e4bec1f606c1f5bb630528bf5e9afa51edb44ca91567e1558fe42fe356ca57a06800fd2f72c31235b4c38b832d73cf9e47aef21566470633f4716b874d309be333bc4c41c588e0d9ebcafbee54ee0b391960f914f333a117cc211a75de9ea210aae491ab02890002e5521f912deeb45195ae4e0ef1897ffb1191a6a8a70007fc5b9782094754f5af84c4e99ceb711036f8d1cbb13e9ae0984c9d78781078ebaeda7fa72c4b38c455ac68ae0af6d2139e2a4b47d2427f6e9a2d5435a24b6f847c21ccb0f18e3adcc8cb87cf9bae522069da00aac5df60e38f4ae5d40dc620bfcd806deb0ec5365f3ed08b19ae21f3226bac15c3a95cef54c6998e519e8ae5d8c63a16d9581359a6466078a7870fd8e90868a59406b8f9a9b105a27aa5be8af3885c18930fd559af12e880a58330339946ba3e31edb07b092b91418f6f04b2733b8297c2a0b93eb71cfe80e279046f966877ec002453b492fbf3f60d5bbf14d5fe3414bf43b0ebc32b7f95499ced0cec0da31dff74c787195b9284421a55cee56fdd4682f35cf0910a1187f2038c1022a324d8158819f7767f86a4c2341628a03de6879ca869b3a75f0808276d308eaace1237ba56881f62d80887c15a2e5b82757b3e98bcc5f751d577a7a18412c0232b9859bd9154988aa0169a2c6b36c6015174a97c4103ea6a043626fa8698d9883afc2a0887ecbbdf94463fc5832845179682b5dd791be1ce85008f41d95ed1a10f015ab37e2bec91118481335b01c1cf58c9409a241c622f0abe19dbd47771e420596d01ae075979f74acffab8cf009a3e1b41d39580e5074a8fc07ae085d8f87f4bbbb330349b2084e63eb234150a9b3807f87e889302decf1d4d9837e8eb98c0dc81be28325620d836f3efd90ffba4065c0b2d04a8097623c6fd39c8403ce0bf33b84a59fce4c23ddeac696bb9a6e2769518601614575c2b47093d15a0ebf0d3ad75ac145d05689356c7df3b4c829de3043c39271503d7395d130f0e8180e5be085f659b473d793804bcfefb8eea1f9c89fecc6469446bf435a885a0906aea2ec1a6c9563f440c6e29f8c931f802950ee0cb0213c881a8431f0366d3427acd0dc643ceab8c26c62674d10488c02509598acd0c34701c07420aa7a5343d59e2d8c83dd20b5d353900e3a59742673a1accdd811e56ca1efa5fc0e2b34b3dc7ca1ebb7024e13d21c3a8ed464bdfc91ebf46b96bd81986861781df1f4b1ac9c2c0e22bbe527d23cb2769567a248ee531965ced0aaf09fc406a042631c14cb15dcdfce87f1a88b26d4eec4c9c53262820013bc8f8a6545f25b1357f93872edaebc124d64531cec4309829d44756b23322ba149d5608aaf0f6c151f372aa6418526562edbe7fe625836bcde783e6318037c8418ed0b99aa8f6a742d7fac75dd4f6b8aa450e0f9ddd52719edff26381091dd33da1e3990c446751ba67503668c569c74caebd785afce66c6f359cf06fc12b976b04def505344be868e800fffde817e0c0113c1accf586481de438d32c6a03ae3acc6e2f76d74346c95eba6e93d7bf2faf5eb275fbdd35f0ca74c55bc28ed99003c487adb41ceeb39689da8dda2f11171cc537f31d62a4f6e94f6bb845a111eb4c5b1b75999a0175f6c07c6f36fcf41ae5e4ac59b279969b6e76a029be62966f047000a3ccfcf6b7b98174090f5179f70dc7f49800ab5b0249523028e4319f488e74666f1553a3d3abad8db81277dcef3cb3390cb9746c7c6f699d4427ba48944e07a84167cb1304b8b84145308bbe153af307b4ce5df45fe81ab2a4a77a6bfec99aa3ad3db482f8e85bca1f182c03a7b697431fcf9813f57a3eeacc0e688351813ee98363c820258984fe1e59d86fb78f0151ce7158ae55f931130abcc9359b6caa43b0b42cac479d7370aacb7869196677c7ba5d46b08cda8aadc339cdd2153700a17c2d20edd49a3b31ea816d0f39c158720b1a1f0b44deb772e0da5bbb40fda2689ead70aac33c338d8acc3d7f4e9f64a005a9aefeeb1e29550df40c729183455b05602363310c511c020a81840d38042d9c8dcd69d5b30327e50609de7a608a1bda1abbe00f9e3a1787c519c3452b90e10ffa0c1f317a0583e9ac6d10050685e1ac885faa7115bf94fb2b6f18d02eb4aaf29230636cd652432a066267cd49184bf82e5fba0d9aa25521b989783650612c93dd65028755bd885565219dede2a2b3c7f674c0ba9b558a3728dc0c3f9bc3feeb6c37e0956aa6a087ad95caf05b68705df6337920d774bf526a4a1dd591153d084d4659d3f39cc7b65ef63f030ba96835da63c5b4750109c791d8a26571fe051623652a55852a004a5b08a83a39a0cd8f0550ad68f38dcbc58d4ddd0b68ee247fe63182f416bed86cef5405580d2575ed3a70d03c0b0383c2217385bf1ec5c8175f9dc0883e38f502356d7abbf047a7628ac6685fe8609a4b458d03b8e4ff9e162501c94600534eb7506d6d707a295fb0c164d47ac162df2ec50f70a6aeef8e1a48dd3e7f0affab5965416bc2ec30a0ac3cf539f75f94db134a8a485688d4b7f2013740740e345238b0fa0f434f75ec6b132a19a56523e54cf38705260a5c5704842d391bbfacb40a00979535d3c24fa3807b3aad52c01f587b01c2b9896f82603eb0a7a6c4a3fc7d1cbd75f87a5f33f76034ba6507043f7dea9e40d38060884ed0af70ce5faf34cb1247728142932c1f9a276ad6a79c0e450db1b588d87fb6ac1b4c2ae9cfa9010bfdf57e8040f8d775707b09e1f9afe0a624149da482aa044c15900e8e6721bd8990b33773698985917a6b07a59e56d2072fd78d0accb1f0c63598196aa97d6192296bdf6e95d354af019822f0deb1e37d6e62b1c1639e53707ff7ef64a6b543efaa50ba3a40d50179c87457d6f5c3c04b2ed9554797342c4fab87aa30446f5ef03566757ef888f940afaedfe7d17434fdab83e1108f2387d1ed55821667683125aaec6df3b243b2ae1c91ab28e8428415daec0d4ed58e24191291157d573eb622115032ae93dc4d2d7e71a58c0e137951fc73acc51aaad092a3ae85ed0b0cec90e57b329d735f13c00da503d3c88a5bacb42a755ed9610faeafa866a2619670d04cd1170c498582cab0314cd240495860334f2958ed5d9d5b33aea8946bda8f15ad03ade6ea0d3026d471f5173ef980b6d2a350f86f4ec2a07d6e573a3a44c937d0128705df0c5660a482f9d8705a728c0b2a091b1ce6561fcaaf6ff5055797e9907eba551ab8ac0a46eaa2b5be8b4a07db5614d22b67211d57a408a10572a021ae9bfcff222c9430d3dc0d6c9ea08401dbe50be158d9ab78059616c2daa61594848cbcb0820e085df5d15c0023b1c55334fdfd07abf8f05677b616154b33c3c5465705deaa4da28d016aa6d0aba445f5c16c03afb77ed6f623f6025c795866f50bcd49bc81f5ea0368aeeb45ab19050c795568ae5df5745ac301e569b2e7ea946999160b94d9bc7472fdaa340fdd70606deffc9f91158976f8c1a1f8e7636ae7693486664b6dd2c0e0fe93f3890b21986f4c6c14ad755c34642fbc391154ab40cd5c6542a60dabd6a9f86640598186b52ab962404d8c0565351c6c4b1362d3e72ef20e75f18356e099f40351b71e111808b089ad47cc4154d1e54c771661497ec6a82367aecde41de1a35aa8511b8aae6257d1524db905c040d9a988688738f4fc26a5d4549ddb438d4e74ab13abb7a6254e73cc8edaa67de30a88cd348dd1081341a6b6d8b4a1a85f5e42a2cb155f0f9b17b47a7f58d51cdb5108d6a228c6b65c18f8a06d5e12141c3dc625b0d16b0ed8a2c9b32ec52a840b5be926f4e2b60ae356e7abbd330560af4a9a5c27485e0edaeca1d35960f2a144ba956af427bc07e8b4da53a583da2f8b4d54833049e2dba85caba2661593ac1ac163155299652adeb724420c6d6243c30099439d486c8384d56cbd100412c4ba124effee2eabc522020566825a40d350540e42bac595dde1f0a56e9dc6a808bc6bea813583f50ae3f98d0fc73c0a2898727b5f21a3e3228235b8f18ac32f7ef4126f2ecdb6a2384d5162fe02a65d1233841330ceecbfdc8c1972426b440b758f43bf2f1b890a7642f53c863bad59565d640079f5187ead905a461c7c152604cafa40d39fa5036950dc1a1534d1de06d5836db24ea0024f93e52ba2b7b9bba2adfdd8795caa769e55c4ea0bc771f29e5655b273d9c64f7535d35c66265b19cee2075375e96678579b4d010978534100b5ad5a50eac63654fb221829a7e4f220d3a542c4ad072f97b8d100df1255e699d7f1a5856a89eb2c88af08dea95642a53aeb96f78c8058321e7feacac8c55a25a1811694bae4cd017d5a8333c21c8b39b54a231d21bab2bfe758b5567b5f0e983a03a53598fd1157a48448da99e3944db8707c89b54fc835c041a956b7c2df2309d3ba8ed707ffa0087a52c113f3fd2014f7954856054c1c9f226f5b3812540e4a9a13c78e35a6702a768fea2e0b02e2f332a7a598051b9ad585f386cd43e20a4331082f943015326bbb4ce5d3d2f58a8d12bac5ee71cd6e5f9d5cb375f3c7906f2e4c7173f49c0726eeb6bfc4e9cad8ec21a7bcd94346eb301f3038dda246a28eeadd160ab5a3663a1b0ca39f7cbab6fbe28fceeeb1fae74b8ae9ee3abd92a59bc644d87375a9f9db6fd3645c27497b09abe451c99a2a56ae5e0bb1c123f3dc3173bc9ae3f5dccaf5507da1b5dbbae7ea4cba9863fb0aeba0e2d4bbfb5e688ada677aaa6244c7d9be46c8fed57071c2e5fc1c484d1dd450ccefd804d69c40203febb9f34f5c3e90b09a89f6ded56d9a29bb6aab49a355f6160b9012be935b3ac18018c166cf8a89a5ade1eb0ba4277d45dda5a15c772d5c268adddfbec1c0984d1860d8271e5654d77056dd095768e3547a66917544d6f192e2998fbaea3488f8e15a57e76d1fd387442c5bbb3cb225ac64458e9b2802a41ffbe761a367bafbaa0ee69a3c1350fedbbb59a4ad7b142e35a1db432db3cd8f471e978efd5315afd3b2006751db89065030b73b6c737fc9012f2fb7bcbc86cd22c4dc70a2aa1edc35ed4a6f7f3a18a487bdabed31904f92dfaa59acb51f75cf3fc3b122cd49cba1e4f6d35db3b5d559010685839bfdcfe7c88aa84964e32105c92d22d1152c8715f4a5fdb77be29029c00694ddd32a76c2bdfaf343a70f913bca2ef9f2fde3fbdd54ec1a255775f685e5ef12d2956dd1205b81ad46e1bc5df4106e92299ba5eebb4a9ec8bdc3a0afcba1645adef6e9fdefe4bf3f55422fc46e75b3fa8abd6ada2835c0896b3388d5b9e992d92a9e92d5373cfc6d739ac404b7a7a9ae4fffaf4e9d3eff59f41ae91eb483a7f8bc5c0ba6b61810d585693e6ee95e09613f08fba01d00648f94203bc928b694262f5f4f63b7d6b15cced72bd6e971053ebb4986a58e81d9ac5b240a0488ae4a16ea5969aa0d0078d353d9d6f80154ad1ed909cddb32293af5c8b873f03b90ee442b414ad5912a60d6db50b0e4d3cc1e3abc3b071924bfb8acc047e41b07ef5cdc3324fda59f86df62d2a9bd62d40a392102eecdb3d1c28950243a355dc756320433c7878e8dd3e9033df8a3c2b02b06effcf957fa4655172f1596b2005d045edf611b8550854245893aaa4a900a369c12ccaa03ab535d372c99b73dd0ad31e38f7b7dbdbdfbfe3ef41b35ce7e7dbdbef95e7a28425ed66bec44e91a476e13a8640c8859c065aa18c87d99dd5efae425b89fe40033fc79a8bca91fcdfa44edddefe6786d441fe0b30a32f6112ae566e5ebec2cbd56f1982fbabc0f36bd22c9826b0a69eeb870a55084dea105ae758c3a29221dadfbf66ef6fa35f6fbfffeff74ffff31d5a23218c45740dab5e1d1d4dad1d37546a5257f741c09ba291d5aef3cecee440b6454d0cd4f20160dd9a3effed7b71fbcbaf4f2df7bfbf67e4941ad95f6636a89f015526d8449add5013051c2eae93ab59a189a808643e2f245a5708829af9f3de4bb47e71c4efbf7c6fde46960566480aa48a2c2f2fcfceb1eb81762cab1160efd83edfd8439e76e9164c9d63d5728436e167b53042bd3ebf24cd4aa3a1fbdbd3f7f0bf28b2242d904cfe77e5e0d546c92f2fafdee03f74acfc127b44c582353fcd9aaad005e750319b3e9a2476d6e361a45512688df7bbb7dfa2cfca78964fc7fb7aefbfa3ada7d3baa92ab29c9d63bda177a363b511476859b874157c68d0ac82b22e907ea06a1d79ad60341ad301044a687336e30dcde7e43fecfeebf67ddecc882bf55ed2a163a6fe28dc51d72b161c03c8e8f1d014f36180f810418c50b5f21bd9394ed059dc6d73bd6eb6de3295af774ab07ecf7f5fe74a639ec3c6b2e39e596817c18fc3c544934f1f45d59ac2bf74cd7056136fd1e362ded13321b13fcca9173606f17fce67017a134c5fdf80d215c2f3ee8685d8884e3d099aad58aaa51877751d6a052aef7a1cb038096c639d3f13fa8041a17e9077dada984733bda8e14ee2e4fa62be1de7665a696702481c8326751a1d4bdf4b439776fb9221ce1c016caae05cf8245d16dfbe3b3eab5c89e3dd655e7a6ee77ec19d1ae1751c76da467248b1ac003cdb26db11bbc1020f1e4390eee3c5a06b8b79c99a5f97659e6bb8e5815700cc727d61ef37693d6a98df2ed7f14c6f62f4ef04e74c4b47519dda9072f1462dba2f112cf4e251557aa59885a368802d366e9087cc6b1da65ee2cdd264019c8a22a52502d69acc932c5b4966798ee02caf99e9af8bdb52d2ac0804de66eef69713a0cde4e3753f02ca26534697adc24e817c7bc15cdfa362341e0e369bcd60380ef5a6aa4114146cd89a1917011c9292e4aa1c38bb817bb635753f574db07c8945737d2597251cd373ed49688c8f26ad2ddf9ed47be278a11d4e4adf31715bf8be301dabbbd7dec3dd007bf03c4483dab92b056b72b0babcb8817eb0ec18e11f83b2564a47b0eda0bc48d74e16fed1bec24e04078cfa2b685fb6f4c98e16ae0e80ca7be3bd3b09e4beb42c6ea7b789788931971ea6b3c083418f04cf28da25baed75c69b69c4cac2646474e1141a6f5b6817a04d5071b99dddb04db32a243e1c3fb5cd7153cf8353c4a12037ef94ce01b99ef4eadc9ced57fb9b286081f04a56a08070636024ae078725eacf830e0ba3e3b71ab400a556f0d44c7ab2c54d06bcc528000b99384ef59499e548a95e3205f97167299075f9b9dfa76bc221c3cd2c26970a40444fb95d28a08878e3c9310db964aef5fb6e5762154a8f24926177b434a46bd77f848e06a40de79b1f0953e90225a4cd540bab90b8b177fc85a4ae327f938376eab7752f0a20c36029be3f3736b61fccf329215a3e6e82ca9b9c401705f799a623e1c2dc248c75e398ae84c99918e30bdfd92e9dfa5a7a1eab990c7c0c0ab1eea47d079c2387d5ee70e5e9838efecf0a9eca1720d38973e75458d212c7dc64a3dd26117677e7dd789559610e284762638491278c7edbb682a3859e5c5dcc3cc1e37ef1e433328c02dd72a711300b7bdab1a706134323d9b256bd7a391e8f5601566a1677c61f3217e0edc202734a324774065493d6537c90601ca4e539617e8a0f66ccbabbd6ccf8a32d3320014db6c39b2ab4e0b00a81b974c865145d1ab171b700be90d72cb2413c76d46ae41474bdd0e1be543d1e15cb0951282c66cc7137271eef56e3c294bf8b9ff725eb122bc7dbc87cc7bf937423182732e231362a74ae5a74324d974e13697aada14cf0312bddea4605ce2e703e164b7e9e11b97933f4ace9d4f14cbf9f808e40f5e0cb80496ee63a3786c596923914b1427c3a84d52905c283d0cef7ea38a2d511076d25584cf6fbc51df2830ba3db352ebc208efb1387015b584a3b1c72e8b91a1695144ebd45bb1bb5002bd6bcceb50f13620de44e8cfe516f828f45661eaaddf6252bc07ff87de386b175e289e1e04bac8c8a44da61d28593d256d747ad33ad3d96bc68b1186f627fd18709a14527e518092fea04a1a7e6c12431e85d005abcbbf02cceee1c7fde1e61ff92bb18ddf93616c29c23acd4a161748a0f3b5dac60750a004247ae1bdd9bb2e2cc242dd958ee72898664dcb833a3dd5dfb5b63ba221d84d4a875bd3e0e99bedaaf758e58d9a76a83241d8c6bae49a95a61be81d03ad439d1419bbcb310e67665ec25645f069c498a1f74faae691d6fce620513aa3a6f21a94a0f503c5dc1154992fbd038f23359e5e22e8c957db73622492e36e30e74125a6e29c9f7d55457475de314394341280e2ac7656cd8bdc98dcc927a6d98a416e3f166b16a5966e919226a1194615c333c61d93d3d2e5a227404a11f51e9b2bd3c5afb5514afb5ddfae0c985f0dcaac296985133510f4dd0f4d62797e394cb105d95957637847b7e4f65c6bab774231ce59f921642cfa60f36ba8f2da30823be17a9ceb2f1fa3eb8eab114ae6a14ed4e90d03aecd45d7b4ea6688a325751c612afd83dbd7b95e20451da537b41d4ad353b9dbae8074942552b37a3d8e182b7fe827af9f62a0d7a8989acc3b14f6182f0cf496f4bf98ee767bdd68335bbe700cc2252dc99a74a14df5007b9989dc69cd79f94b149b94ae6712443ba98b1e3ccb8541c2ff0fb5937ed580589f4b8e44728e901db2d6f9705facea0a47d262f96e30b7bbd3b68d070468d0f0edb36eb288f8f2adda54a783c7ba9f55cc79ba5c544cb778bbd1f12264f7031d98d0fadff9db947f52c2b9835b56ffb2349386184881b44177a106bc7d7f3e5dab539e78110220802c6c46cdbc78c2793de7065ab8a4e1035b713f9a3493c51198fe5b19bcd518ed2ee84612c25ec1c59587bb84d3b1f247f7854d4aa5ac2a5eda55e9b47fde483129578b7b75be9ea31b6fe0768552aed9d9fce165abe60b3c5755dfc1f25f3151369b7bbd362d347c9166a64bc651929b5fc566047d23f25f1e8a066bd4e381ecc97331688acff439aee7ad0cc755e7faff4ae27b6361b6db932f28980333b10ae27dd3b7a7a5f6b3a723c36bb786499cd9f905e3275b938ca12ada302962539299b0cfeb94829190da047b9ba7065b948b52e1e39a7fa70698f378bbd605cb43cdf77417cd7f7a1bd9bb3d97297fce335ea587aa3f170b3eb2f9620d3fe7c739d848f389df92c9fe5b3fc05f97f21410a2485f9a52f0000000049454e44ae426082),
(2, 6, 'PSG FC', 0x89504e470d0a1a0a0000000d494844520000012c000000a808030000006df5233d000000f3504c5445ffffff295481d53c42004176265280004377003f7523517f204f7e154a7b1c4d7d00447710487ad32830f5dbdc11497af0c3c4f6f7f9bea25ae9ecf0a0adbfeff1f4f8f9fadfe3e98a9bb2315984d3d9e1b0bbcab8c2cfe3e7ecc9d0da607a9a7c90aac4ccd73f628a95a4b9d4333a8194ad7389a557739649698fd21e27a6b2c369819fb4becc9ba9bd46678d526f93f8e6e6c8a856ebb2b4e9a8aa00346f00306df7e3e4da6064e49395dd6f73d74a4ff2d0d1e69c9ed9575bd00617fcf3f345607eb29b60757873a59364e08386da5d62f0c8c9df787c978b6b5f6d7989836d7176749c8e68af996153667a00458700266893543d4b00001c2249444154789ced5d6963db36d2260d82271c5591258ad449c93a2c59569cb84d9ba36937dd5e6fbbdbffff6b5ecc0c48811449a7dd34a6dc4c3f34d645e2e11ccf0c0680617c96cff2593e8b26ed519c0c07838d94c1751287dd87bea1464a3b1ef42711e35c48f1505a220838b3568bcdb8f3d0b7d71c09374b9305c2772cb3445cd7134c4c76e3de43dfe7834b67b0e5dc73cb50d2c572bcc0deefe287bedd07947017310d28cbf17d4f8880071c2408a441ba1a8e8ec7bdc5f8a16ffa41a4bb99712f353ccb178279fbe57c301cc761a7d3ed7646619c0c768b095a6806992f5afdf0a16ffd53cb786ba748397ec0668b41dcaefa6c389caf7890a9a0cf67834f79ab0f2d8328504377055b7f90ef0e375b16f84a0f5bbcff0f2115bd9d68590a29be1c962954af570adfb8ef72df22b3b597a3bff93e9b203be5a92ccfde26b977c264d3dfee23c14802eb66b2d80df3e619f75b829452c2f5d8e9d74610542e8f369af6c49b656407c2f35dc73ab02dc771253565de64976888252bdb57704d2bfddc2390b129c8feecc9813285172b5b728452469a8600c1a2fe813474fadc23b8d8c5430ce3534877c249ab347f335e78454eea0a4dfc8c8449c0b6d7a9324abf471ada8a1e2751dd3057419546b23073403a568b789c49d2773dedad96e6e62e027cc762cbc79707756e048d6d926ad5f58cfb45a4a47805cbba60ba81ba81374fb19e13fa7eebb1b1fa010d4ca456d39e0be1a03f2aaa56112c2366f90fc830a8387c774b40b2e9a71ccadf2e5b8ec0b00dfdd9ee33e44b96c7f6fda004ac4e4882d16e200eef22c02e9b28b8c626daa21f3d1ed23532d1de821519504f42454e3bba9054691e1c8335b703147b075f986586e8ee9947b0a7d6dcb71175fbfaa106f7916588e37198cae83669d6620af2d6537104d62e75eb367ce42273f2c2685f982aa42a921546f82e9f3ec8d83eb6f4d1e77837a4567124323d11ca336fbd4ab0dca5fc2b49d1f4e7f071a5897ea08c7a8a9e4bec1f606c1f5bb630528bf5e9afa51edb44ca91567e1558fe42fe356ca57a06800fd2f72c31235b4c38b832d73cf9e47aef21566470633f4716b874d309be333bc4c41c588e0d9ebcafbee54ee0b391960f914f333a117cc211a75de9ea210aae491ab02890002e5521f912deeb45195ae4e0ef1897ffb1191a6a8a70007fc5b9782094754f5af84c4e99ceb711036f8d1cbb13e9ae0984c9d78781078ebaeda7fa72c4b38c455ac68ae0af6d2139e2a4b47d2427f6e9a2d5435a24b6f847c21ccb0f18e3adcc8cb87cf9bae522069da00aac5df60e38f4ae5d40dc620bfcd806deb0ec5365f3ed08b19ae21f3226bac15c3a95cef54c6998e519e8ae5d8c63a16d9581359a6466078a7870fd8e90868a59406b8f9a9b105a27aa5be8af3885c18930fd559af12e880a58330339946ba3e31edb07b092b91418f6f04b2733b8297c2a0b93eb71cfe80e279046f966877ec002453b492fbf3f60d5bbf14d5fe3414bf43b0ebc32b7f95499ced0cec0da31dff74c787195b9284421a55cee56fdd4682f35cf0910a1187f2038c1022a324d8158819f7767f86a4c2341628a03de6879ca869b3a75f0808276d308eaace1237ba56881f62d80887c15a2e5b82757b3e98bcc5f751d577a7a18412c0232b9859bd9154988aa0169a2c6b36c6015174a97c4103ea6a043626fa8698d9883afc2a0887ecbbdf94463fc5832845179682b5dd791be1ce85008f41d95ed1a10f015ab37e2bec91118481335b01c1cf58c9409a241c622f0abe19dbd47771e420596d01ae075979f74acffab8cf009a3e1b41d39580e5074a8fc07ae085d8f87f4bbbb330349b2084e63eb234150a9b3807f87e889302decf1d4d9837e8eb98c0dc81be28325620d836f3efd90ffba4065c0b2d04a8097623c6fd39c8403ce0bf33b84a59fce4c23ddeac696bb9a6e2769518601614575c2b47093d15a0ebf0d3ad75ac145d05689356c7df3b4c829de3043c39271503d7395d130f0e8180e5be085f659b473d793804bcfefb8eea1f9c89fecc6469446bf435a885a0906aea2ec1a6c9563f440c6e29f8c931f802950ee0cb0213c881a8431f0366d3427acd0dc643ceab8c26c62674d10488c02509598acd0c34701c07420aa7a5343d59e2d8c83dd20b5d353900e3a59742673a1accdd811e56ca1efa5fc0e2b34b3dc7ca1ebb7024e13d21c3a8ed464bdfc91ebf46b96bd81986861781df1f4b1ac9c2c0e22bbe527d23cb2769567a248ee531965ced0aaf09fc406a042631c14cb15dcdfce87f1a88b26d4eec4c9c53262820013bc8f8a6545f25b1357f93872edaebc124d64531cec4309829d44756b23322ba149d5608aaf0f6c151f372aa6418526562edbe7fe625836bcde783e6318037c8418ed0b99aa8f6a742d7fac75dd4f6b8aa450e0f9ddd52719edff26381091dd33da1e3990c446751ba67503668c569c74caebd785afce66c6f359cf06fc12b976b04def505344be868e800fffde817e0c0113c1accf586481de438d32c6a03ae3acc6e2f76d74346c95eba6e93d7bf2faf5eb275fbdd35f0ca74c55bc28ed99003c487adb41ceeb39689da8dda2f11171cc537f31d62a4f6e94f6bb845a111eb4c5b1b75999a0175f6c07c6f36fcf41ae5e4ac59b279969b6e76a029be62966f047000a3ccfcf6b7b98174090f5179f70dc7f49800ab5b0249523028e4319f488e74666f1553a3d3abad8db81277dcef3cb3390cb9746c7c6f699d4427ba48944e07a84167cb1304b8b84145308bbe153af307b4ce5df45fe81ab2a4a77a6bfec99aa3ad3db482f8e85bca1f182c03a7b697431fcf9813f57a3eeacc0e688351813ee98363c820258984fe1e59d86fb78f0151ce7158ae55f931130abcc9359b6caa43b0b42cac479d7370aacb7869196677c7ba5d46b08cda8aadc339cdd2153700a17c2d20edd49a3b31ea816d0f39c158720b1a1f0b44deb772e0da5bbb40fda2689ead70aac33c338d8acc3d7f4e9f64a005a9aefeeb1e29550df40c729183455b05602363310c511c020a81840d38042d9c8dcd69d5b30327e50609de7a608a1bda1abbe00f9e3a1787c519c3452b90e10ffa0c1f317a0583e9ac6d10050685e1ac885faa7115bf94fb2b6f18d02eb4aaf29230636cd652432a066267cd49184bf82e5fba0d9aa25521b989783650612c93dd65028755bd885565219dede2a2b3c7f674c0ba9b558a3728dc0c3f9bc3feeb6c37e0956aa6a087ad95caf05b68705df6337920d774bf526a4a1dd591153d084d4659d3f39cc7b65ef63f030ba96835da63c5b4750109c791d8a26571fe051623652a55852a004a5b08a83a39a0cd8f0550ad68f38dcbc58d4ddd0b68ee247fe63182f416bed86cef5405580d2575ed3a70d03c0b0383c2217385bf1ec5c8175f9dc0883e38f502356d7abbf047a7628ac6685fe8609a4b458d03b8e4ff9e162501c94600534eb7506d6d707a295fb0c164d47ac162df2ec50f70a6aeef8e1a48dd3e7f0affab5965416bc2ec30a0ac3cf539f75f94db134a8a485688d4b7f2013740740e345238b0fa0f434f75ec6b132a19a56523e54cf38705260a5c5704842d391bbfacb40a00979535d3c24fa3807b3aad52c01f587b01c2b9896f82603eb0a7a6c4a3fc7d1cbd75f87a5f33f76034ba6507043f7dea9e40d38060884ed0af70ce5faf34cb1247728142932c1f9a276ad6a79c0e450db1b588d87fb6ac1b4c2ae9cfa9010bfdf57e8040f8d775707b09e1f9afe0a624149da482aa044c15900e8e6721bd8990b33773698985917a6b07a59e56d2072fd78d0accb1f0c63598196aa97d6192296bdf6e95d354af019822f0deb1e37d6e62b1c1639e53707ff7ef64a6b543efaa50ba3a40d50179c87457d6f5c3c04b2ed9554797342c4fab87aa30446f5ef03566757ef888f940afaedfe7d17434fdab83e1108f2387d1ed55821667683125aaec6df3b243b2ae1c91ab28e8428415daec0d4ed58e24191291157d573eb622115032ae93dc4d2d7e71a58c0e137951fc73acc51aaad092a3ae85ed0b0cec90e57b329d735f13c00da503d3c88a5bacb42a755ed9610faeafa866a2619670d04cd1170c498582cab0314cd240495860334f2958ed5d9d5b33aea8946bda8f15ad03ade6ea0d3026d471f5173ef980b6d2a350f86f4ec2a07d6e573a3a44c937d0128705df0c5660a482f9d8705a728c0b2a091b1ce6561fcaaf6ff5055797e9907eba551ab8ac0a46eaa2b5be8b4a07db5614d22b67211d57a408a10572a021ae9bfcff222c9430d3dc0d6c9ea08401dbe50be158d9ab78059616c2daa61594848cbcb0820e085df5d15c0023b1c55334fdfd07abf8f05677b616154b33c3c5465705deaa4da28d016aa6d0aba445f5c16c03afb77ed6f623f6025c795866f50bcd49bc81f5ea0368aeeb45ab19050c795568ae5df5745ac301e569b2e7ea946999160b94d9bc7472fdaa340fdd70606deffc9f91158976f8c1a1f8e7636ae7693486664b6dd2c0e0fe93f3890b21986f4c6c14ad755c34642fbc391154ab40cd5c6542a60dabd6a9f86640598186b52ab962404d8c0565351c6c4b1362d3e72ef20e75f18356e099f40351b71e111808b089ad47cc4154d1e54c771661497ec6a82367aecde41de1a35aa8511b8aae6257d1524db905c040d9a988688738f4fc26a5d4549ddb438d4e74ab13abb7a6254e73cc8edaa67de30a88cd348dd1081341a6b6d8b4a1a85f5e42a2cb155f0f9b17b47a7f58d51cdb5108d6a228c6b65c18f8a06d5e12141c3dc625b0d16b0ed8a2c9b32ec52a840b5be926f4e2b60ae356e7abbd330560af4a9a5c27485e0edaeca1d35960f2a144ba956af427bc07e8b4da53a583da2f8b4d54833049e2dba85caba2661593ac1ac163155299652adeb724420c6d6243c30099439d486c8384d56cbd100412c4ba124effee2eabc522020566825a40d350540e42bac595dde1f0a56e9dc6a808bc6bea813583f50ae3f98d0fc73c0a2898727b5f21a3e3228235b8f18ac32f7ef4126f2ecdb6a2384d5162fe02a65d1233841330ceecbfdc8c1972426b440b758f43bf2f1b890a7642f53c863bad59565d640079f5187ead905a461c7c152604cafa40d39fa5036950dc1a1534d1de06d5836db24ea0024f93e52ba2b7b9bba2adfdd8795caa769e55c4ea0bc771f29e5655b273d9c64f7535d35c66265b19cee2075375e96678579b4d010978534100b5ad5a50eac63654fb221829a7e4f220d3a542c4ad072f97b8d100df1255e699d7f1a5856a89eb2c88af08dea95642a53aeb96f78c8058321e7feacac8c55a25a1811694bae4cd017d5a8333c21c8b39b54a231d21bab2bfe758b5567b5f0e983a03a53598fd1157a48448da99e3944db8707c89b54fc835c041a956b7c2df2309d3ba8ed707ffa0087a52c113f3fd2014f7954856054c1c9f226f5b3812540e4a9a13c78e35a6702a768fea2e0b02e2f332a7a598051b9ad585f386cd43e20a4331082f943015326bbb4ce5d3d2f58a8d12bac5ee71cd6e5f9d5cb375f3c7906f2e4c7173f49c0726eeb6bfc4e9cad8ec21a7bcd94346eb301f3038dda246a28eeadd160ab5a3663a1b0ca39f7cbab6fbe28fceeeb1fae74b8ae9ee3abd92a59bc644d87375a9f9db6fd3645c27497b09abe451c99a2a56ae5e0bb1c123f3dc3173bc9ae3f5dccaf5507da1b5dbbae7ea4cba9863fb0aeba0e2d4bbfb5e688ada677aaa6244c7d9be46c8fed57071c2e5fc1c484d1dd450ccefd804d69c40203febb9f34f5c3e90b09a89f6ded56d9a29bb6aab49a355f6160b9012be935b3ac18018c166cf8a89a5ade1eb0ba4277d45dda5a15c772d5c268adddfbec1c0984d1860d8271e5654d77056dd095768e3547a66917544d6f192e2998fbaea3488f8e15a57e76d1fd387442c5bbb3cb225ac64458e9b2802a41ffbe761a367bafbaa0ee69a3c1350fedbbb59a4ad7b142e35a1db432db3cd8f471e978efd5315afd3b2006751db89065030b73b6c737fc9012f2fb7bcbc86cd22c4dc70a2aa1edc35ed4a6f7f3a18a487bdabed31904f92dfaa59acb51f75cf3fc3b122cd49cba1e4f6d35db3b5d559010685839bfdcfe7c88aa84964e32105c92d22d1152c8715f4a5fdb77be29029c00694ddd32a76c2bdfaf343a70f913bca2ef9f2fde3fbdd54ec1a255775f685e5ef12d2956dd1205b81ad46e1bc5df4106e92299ba5eebb4a9ec8bdc3a0afcba1645adef6e9fdefe4bf3f55422fc46e75b3fa8abd6ada2835c0896b3388d5b9e992d92a9e92d5373cfc6d739ac404b7a7a9ae4fffaf4e9d3eff59f41ae91eb483a7f8bc5c0ba6b61810d585693e6ee95e09613f08fba01d00648f94203bc928b694262f5f4f63b7d6b15cced72bd6e971053ebb4986a58e81d9ac5b240a0488ae4a16ea5969aa0d0078d353d9d6f80154ad1ed909cddb32293af5c8b873f03b90ee442b414ad5912a60d6db50b0e4d3cc1e3abc3b071924bfb8acc047e41b07ef5cdc3324fda59f86df62d2a9bd62d40a392102eecdb3d1c28950243a355dc756320433c7878e8dd3e9033df8a3c2b02b06effcf957fa4655172f1596b2005d045edf611b8550854245893aaa4a900a369c12ccaa03ab535d372c99b73dd0ad31e38f7b7dbdbdfbfe3ef41b35ce7e7dbdbef95e7a28425ed66bec44e91a476e13a8640c8859c065aa18c87d99dd5efae425b89fe40033fc79a8bca91fcdfa44edddefe6786d441fe0b30a32f6112ae566e5ebec2cbd56f1982fbabc0f36bd22c9826b0a69eeb870a55084dea105ae758c3a29221dadfbf66ef6fa35f6fbfffeff74ffff31d5a23218c45740dab5e1d1d4dad1d37546a5257f741c09ba291d5aef3cecee440b6454d0cd4f20160dd9a3effed7b71fbcbaf4f2df7bfbf67e4941ad95f6636a89f015526d8449add5013051c2eae93ab59a189a808643e2f245a5708829af9f3de4bb47e71c4efbf7c6fde46960566480aa48a2c2f2fcfceb1eb81762cab1160efd83edfd8439e76e9164c9d63d5728436e167b53042bd3ebf24cd4aa3a1fbdbd3f7f0bf28b2242d904cfe77e5e0d546c92f2fafdee03f74acfc127b44c582353fcd9aaad005e750319b3e9a2476d6e361a45512688df7bbb7dfa2cfca78964fc7fb7aefbfa3ada7d3baa92ab29c9d63bda177a363b511476859b874157c68d0ac82b22e907ea06a1d79ad60341ad301044a687336e30dcde7e43fecfeebf67ddecc882bf55ed2a163a6fe28dc51d72b161c03c8e8f1d014f36180f810418c50b5f21bd9394ed059dc6d73bd6eb6de3295af774ab07ecf7f5fe74a639ec3c6b2e39e596817c18fc3c544934f1f45d59ac2bf74cd7056136fd1e362ded13321b13fcca9173606f17fce67017a134c5fdf80d215c2f3ee8685d8884e3d099aad58aaa51877751d6a052aef7a1cb038096c639d3f13fa8041a17e9077dada984733bda8e14ee2e4fa62be1de7665a696702481c8326751a1d4bdf4b439776fb9221ce1c016caae05cf8245d16dfbe3b3eab5c89e3dd655e7a6ee77ec19d1ae1751c76da467248b1ac003cdb26db11bbc1020f1e4390eee3c5a06b8b79c99a5f97659e6bb8e5815700cc727d61ef37693d6a98df2ed7f14c6f62f4ef04e74c4b47519dda9072f1462dba2f112cf4e251557aa59885a368802d366e9087cc6b1da65ee2cdd264019c8a22a52502d69acc932c5b4966798ee02caf99e9af8bdb52d2ac0804de66eef69713a0cde4e3753f02ca26534697adc24e817c7bc15cdfa362341e0e369bcd60380ef5a6aa4114146cd89a1917011c9292e4aa1c38bb817bb635753f574db07c8945737d2597251cd373ed49688c8f26ad2ddf9ed47be278a11d4e4adf31715bf8be301dabbbd7dec3dd007bf03c4483dab92b056b72b0babcb8817eb0ec18e11f83b2564a47b0eda0bc48d74e16fed1bec24e04078cfa2b685fb6f4c98e16ae0e80ca7be3bd3b09e4beb42c6ea7b789788931971ea6b3c083418f04cf28da25baed75c69b69c4cac2646474e1141a6f5b6817a04d5071b99dddb04db32a243e1c3fb5cd7153cf8353c4a12037ef94ce01b99ef4eadc9ced57fb9b286081f04a56a08070636024ae078725eacf830e0ba3e3b71ab400a556f0d44c7ab2c54d06bcc528000b99384ef59499e548a95e3205f97167299075f9b9dfa76bc221c3cd2c26970a40444fb95d28a08878e3c9310db964aef5fb6e5762154a8f24926177b434a46bd77f848e06a40de79b1f0953e90225a4cd540bab90b8b177fc85a4ae327f938376eab7752f0a20c36029be3f3736b61fccf329215a3e6e82ca9b9c401705f799a623e1c2dc248c75e398ae84c99918e30bdfd92e9dfa5a7a1eab990c7c0c0ab1eea47d079c2387d5ee70e5e9838efecf0a9eca1720d38973e75458d212c7dc64a3dd26117677e7dd789559610e284762638491278c7edbb682a3859e5c5dcc3cc1e37ef1e433328c02dd72a711300b7bdab1a706134323d9b256bd7a391e8f5601566a1677c61f3217e0edc202734a324774065493d6537c90601ca4e539617e8a0f66ccbabbd6ccf8a32d3320014db6c39b2ab4e0b00a81b974c865145d1ab171b700be90d72cb2413c76d46ae41474bdd0e1be543d1e15cb0951282c66cc7137271eef56e3c294bf8b9ff725eb122bc7dbc87cc7bf937423182732e231362a74ae5a74324d974e13697aada14cf0312bddea4605ce2e703e164b7e9e11b97933f4ace9d4f14cbf9f808e40f5e0cb80496ee63a3786c596923914b1427c3a84d52905c283d0cef7ea38a2d511076d25584cf6fbc51df2830ba3db352ebc208efb1387015b584a3b1c72e8b91a1695144ebd45bb1bb5002bd6bcceb50f13620de44e8cfe516f828f45661eaaddf6252bc07ff87de386b175e289e1e04bac8c8a44da61d28593d256d747ad33ad3d96bc68b1186f627fd18709a14527e518092fea04a1a7e6c12431e85d005abcbbf02cceee1c7fde1e61ff92bb18ddf93616c29c23acd4a161748a0f3b5dac60750a004247ae1bdd9bb2e2cc242dd958ee72898664dcb833a3dd5dfb5b63ba221d84d4a875bd3e0e99bedaaf758e58d9a76a83241d8c6bae49a95a61be81d03ad439d1419bbcb310e67665ec25645f069c498a1f74faae691d6fce620513aa3a6f21a94a0f503c5dc1154992fbd038f23359e5e22e8c957db73622492e36e30e74125a6e29c9f7d55457475de314394341280e2ac7656cd8bdc98dcc927a6d98a416e3f166b16a5966e919226a1194615c333c61d93d3d2e5a227404a11f51e9b2bd3c5afb5514afb5ddfae0c985f0dcaac296985133510f4dd0f4d62797e394cb105d95957637847b7e4f65c6bab774231ce59f921642cfa60f36ba8f2da30823be17a9ceb2f1fa3eb8eab114ae6a14ed4e90d03aecd45d7b4ea6688a325751c612afd83dbd7b95e20451da537b41d4ad353b9dbae8074942552b37a3d8e182b7fe827af9f62a0d7a8989acc3b14f6182f0cf496f4bf98ee767bdd68335bbe700cc2252dc99a74a14df5007b9989dc69cd79f94b149b94ae6712443ba98b1e3ccb8541c2ff0fb5937ed580589f4b8e44728e901db2d6f9705facea0a47d262f96e30b7bbd3b68d070468d0f0edb36eb288f8f2adda54a783c7ba9f55cc79ba5c544cb778bbd1f12264f7031d98d0fadff9db947f52c2b9835b56ffb2349386184881b44177a106bc7d7f3e5dab539e78110220802c6c46cdbc78c2793de7065ab8a4e1035b713f9a3493c51198fe5b19bcd518ed2ee84612c25ec1c59587bb84d3b1f247f7854d4aa5ac2a5eda55e9b47fde483129578b7b75be9ea31b6fe0768552aed9d9fce165abe60b3c5755dfc1f25f3151369b7bbd362d347c9166a64bc651929b5fc566047d23f25f1e8a066bd4e381ecc97331688acff439aee7ad0cc755e7faff4ae27b6361b6db932f28980333b10ae27dd3b7a7a5f6b3a723c36bb786499cd9f905e3275b938ca12ada302962539299b0cfeb94829190da047b9ba7065b948b52e1e39a7fa70698f378bbd605cb43cdf77417cd7f7a1bd9bb3d97297fce335ea587aa3f170b3eb2f9620d3fe7c739d848f389df92c9fe5b3fc05f97f21410a2485f9a52f0000000049454e44ae426082),
(3, 7, 'Robos FC', 0x89504e470d0a1a0a0000000d494844520000012c000000a808030000006df5233d000000f3504c5445ffffff295481d53c42004176265280004377003f7523517f204f7e154a7b1c4d7d00447710487ad32830f5dbdc11497af0c3c4f6f7f9bea25ae9ecf0a0adbfeff1f4f8f9fadfe3e98a9bb2315984d3d9e1b0bbcab8c2cfe3e7ecc9d0da607a9a7c90aac4ccd73f628a95a4b9d4333a8194ad7389a557739649698fd21e27a6b2c369819fb4becc9ba9bd46678d526f93f8e6e6c8a856ebb2b4e9a8aa00346f00306df7e3e4da6064e49395dd6f73d74a4ff2d0d1e69c9ed9575bd00617fcf3f345607eb29b60757873a59364e08386da5d62f0c8c9df787c978b6b5f6d7989836d7176749c8e68af996153667a00458700266893543d4b00001c2249444154789ced5d6963db36d2260d82271c5591258ad449c93a2c59569cb84d9ba36937dd5e6fbbdbffff6b5ecc0c48811449a7dd34a6dc4c3f34d645e2e11ccf0c0680617c96cff2593e8b26ed519c0c07838d94c1751287dd87bea1464a3b1ef42711e35c48f1505a220838b3568bcdb8f3d0b7d71c09374b9305c2772cb3445cd7134c4c76e3de43dfe7834b67b0e5dc73cb50d2c572bcc0deefe287bedd07947017310d28cbf17d4f8880071c2408a441ba1a8e8ec7bdc5f8a16ffa41a4bb99712f353ccb178279fbe57c301cc761a7d3ed7646619c0c768b095a6806992f5afdf0a16ffd53cb786ba748397ec0668b41dcaefa6c389caf7890a9a0cf67834f79ab0f2d8328504377055b7f90ef0e375b16f84a0f5bbcff0f2115bd9d68590a29be1c962954af570adfb8ef72df22b3b597a3bff93e9b203be5a92ccfde26b977c264d3dfee23c14802eb66b2d80df3e619f75b829452c2f5d8e9d74610542e8f369af6c49b656407c2f35dc73ab02dc771253565de64976888252bdb57704d2bfddc2390b129c8feecc9813285172b5b728452469a8600c1a2fe813474fadc23b8d8c5430ce3534877c249ab347f335e78454eea0a4dfc8c8449c0b6d7a9324abf471ada8a1e2751dd3057419546b23073403a568b789c49d2773dedad96e6e62e027cc762cbc79707756e048d6d926ad5f58cfb45a4a47805cbba60ba81ba81374fb19e13fa7eebb1b1fa010d4ca456d39e0be1a03f2aaa56112c2366f90fc830a8387c774b40b2e9a71ccadf2e5b8ec0b00dfdd9ee33e44b96c7f6fda004ac4e4882d16e200eef22c02e9b28b8c626daa21f3d1ed23532d1de821519504f42454e3bba9054691e1c8335b703147b075f986586e8ee9947b0a7d6dcb71175fbfaa106f7916588e37198cae83669d6620af2d6537104d62e75eb367ce42273f2c2685f982aa42a921546f82e9f3ec8d83eb6f4d1e77837a4567124323d11ca336fbd4ab0dca5fc2b49d1f4e7f071a5897ea08c7a8a9e4bec1f606c1f5bb630528bf5e9afa51edb44ca91567e1558fe42fe356ca57a06800fd2f72c31235b4c38b832d73cf9e47aef21566470633f4716b874d309be333bc4c41c588e0d9ebcafbee54ee0b391960f914f333a117cc211a75de9ea210aae491ab02890002e5521f912deeb45195ae4e0ef1897ffb1191a6a8a70007fc5b9782094754f5af84c4e99ceb711036f8d1cbb13e9ae0984c9d78781078ebaeda7fa72c4b38c455ac68ae0af6d2139e2a4b47d2427f6e9a2d5435a24b6f847c21ccb0f18e3adcc8cb87cf9bae522069da00aac5df60e38f4ae5d40dc620bfcd806deb0ec5365f3ed08b19ae21f3226bac15c3a95cef54c6998e519e8ae5d8c63a16d9581359a6466078a7870fd8e90868a59406b8f9a9b105a27aa5be8af3885c18930fd559af12e880a58330339946ba3e31edb07b092b91418f6f04b2733b8297c2a0b93eb71cfe80e279046f966877ec002453b492fbf3f60d5bbf14d5fe3414bf43b0ebc32b7f95499ced0cec0da31dff74c787195b9284421a55cee56fdd4682f35cf0910a1187f2038c1022a324d8158819f7767f86a4c2341628a03de6879ca869b3a75f0808276d308eaace1237ba56881f62d80887c15a2e5b82757b3e98bcc5f751d577a7a18412c0232b9859bd9154988aa0169a2c6b36c6015174a97c4103ea6a043626fa8698d9883afc2a0887ecbbdf94463fc5832845179682b5dd791be1ce85008f41d95ed1a10f015ab37e2bec91118481335b01c1cf58c9409a241c622f0abe19dbd47771e420596d01ae075979f74acffab8cf009a3e1b41d39580e5074a8fc07ae085d8f87f4bbbb330349b2084e63eb234150a9b3807f87e889302decf1d4d9837e8eb98c0dc81be28325620d836f3efd90ffba4065c0b2d04a8097623c6fd39c8403ce0bf33b84a59fce4c23ddeac696bb9a6e2769518601614575c2b47093d15a0ebf0d3ad75ac145d05689356c7df3b4c829de3043c39271503d7395d130f0e8180e5be085f659b473d793804bcfefb8eea1f9c89fecc6469446bf435a885a0906aea2ec1a6c9563f440c6e29f8c931f802950ee0cb0213c881a8431f0366d3427acd0dc643ceab8c26c62674d10488c02509598acd0c34701c07420aa7a5343d59e2d8c83dd20b5d353900e3a59742673a1accdd811e56ca1efa5fc0e2b34b3dc7ca1ebb7024e13d21c3a8ed464bdfc91ebf46b96bd81986861781df1f4b1ac9c2c0e22bbe527d23cb2769567a248ee531965ced0aaf09fc406a042631c14cb15dcdfce87f1a88b26d4eec4c9c53262820013bc8f8a6545f25b1357f93872edaebc124d64531cec4309829d44756b23322ba149d5608aaf0f6c151f372aa6418526562edbe7fe625836bcde783e6318037c8418ed0b99aa8f6a742d7fac75dd4f6b8aa450e0f9ddd52719edff26381091dd33da1e3990c446751ba67503668c569c74caebd785afce66c6f359cf06fc12b976b04def505344be868e800fffde817e0c0113c1accf586481de438d32c6a03ae3acc6e2f76d74346c95eba6e93d7bf2faf5eb275fbdd35f0ca74c55bc28ed99003c487adb41ceeb39689da8dda2f11171cc537f31d62a4f6e94f6bb845a111eb4c5b1b75999a0175f6c07c6f36fcf41ae5e4ac59b279969b6e76a029be62966f047000a3ccfcf6b7b98174090f5179f70dc7f49800ab5b0249523028e4319f488e74666f1553a3d3abad8db81277dcef3cb3390cb9746c7c6f699d4427ba48944e07a84167cb1304b8b84145308bbe153af307b4ce5df45fe81ab2a4a77a6bfec99aa3ad3db482f8e85bca1f182c03a7b697431fcf9813f57a3eeacc0e688351813ee98363c820258984fe1e59d86fb78f0151ce7158ae55f931130abcc9359b6caa43b0b42cac479d7370aacb7869196677c7ba5d46b08cda8aadc339cdd2153700a17c2d20edd49a3b31ea816d0f39c158720b1a1f0b44deb772e0da5bbb40fda2689ead70aac33c338d8acc3d7f4e9f64a005a9aefeeb1e29550df40c729183455b05602363310c511c020a81840d38042d9c8dcd69d5b30327e50609de7a608a1bda1abbe00f9e3a1787c519c3452b90e10ffa0c1f317a0583e9ac6d10050685e1ac885faa7115bf94fb2b6f18d02eb4aaf29230636cd652432a066267cd49184bf82e5fba0d9aa25521b989783650612c93dd65028755bd885565219dede2a2b3c7f674c0ba9b558a3728dc0c3f9bc3feeb6c37e0956aa6a087ad95caf05b68705df6337920d774bf526a4a1dd591153d084d4659d3f39cc7b65ef63f030ba96835da63c5b4750109c791d8a26571fe051623652a55852a004a5b08a83a39a0cd8f0550ad68f38dcbc58d4ddd0b68ee247fe63182f416bed86cef5405580d2575ed3a70d03c0b0383c2217385bf1ec5c8175f9dc0883e38f502356d7abbf047a7628ac6685fe8609a4b458d03b8e4ff9e162501c94600534eb7506d6d707a295fb0c164d47ac162df2ec50f70a6aeef8e1a48dd3e7f0affab5965416bc2ec30a0ac3cf539f75f94db134a8a485688d4b7f2013740740e345238b0fa0f434f75ec6b132a19a56523e54cf38705260a5c5704842d391bbfacb40a00979535d3c24fa3807b3aad52c01f587b01c2b9896f82603eb0a7a6c4a3fc7d1cbd75f87a5f33f76034ba6507043f7dea9e40d38060884ed0af70ce5faf34cb1247728142932c1f9a276ad6a79c0e450db1b588d87fb6ac1b4c2ae9cfa9010bfdf57e8040f8d775707b09e1f9afe0a624149da482aa044c15900e8e6721bd8990b33773698985917a6b07a59e56d2072fd78d0accb1f0c63598196aa97d6192296bdf6e95d354af019822f0deb1e37d6e62b1c1639e53707ff7ef64a6b543efaa50ba3a40d50179c87457d6f5c3c04b2ed9554797342c4fab87aa30446f5ef03566757ef888f940afaedfe7d17434fdab83e1108f2387d1ed55821667683125aaec6df3b243b2ae1c91ab28e8428415daec0d4ed58e24191291157d573eb622115032ae93dc4d2d7e71a58c0e137951fc73acc51aaad092a3ae85ed0b0cec90e57b329d735f13c00da503d3c88a5bacb42a755ed9610faeafa866a2619670d04cd1170c498582cab0314cd240495860334f2958ed5d9d5b33aea8946bda8f15ad03ade6ea0d3026d471f5173ef980b6d2a350f86f4ec2a07d6e573a3a44c937d0128705df0c5660a482f9d8705a728c0b2a091b1ce6561fcaaf6ff5055797e9907eba551ab8ac0a46eaa2b5be8b4a07db5614d22b67211d57a408a10572a021ae9bfcff222c9430d3dc0d6c9ea08401dbe50be158d9ab78059616c2daa61594848cbcb0820e085df5d15c0023b1c55334fdfd07abf8f05677b616154b33c3c5465705deaa4da28d016aa6d0aba445f5c16c03afb77ed6f623f6025c795866f50bcd49bc81f5ea0368aeeb45ab19050c795568ae5df5745ac301e569b2e7ea946999160b94d9bc7472fdaa340fdd70606deffc9f91158976f8c1a1f8e7636ae7693486664b6dd2c0e0fe93f3890b21986f4c6c14ad755c34642fbc391154ab40cd5c6542a60dabd6a9f86640598186b52ab962404d8c0565351c6c4b1362d3e72ef20e75f18356e099f40351b71e111808b089ad47cc4154d1e54c771661497ec6a82367aecde41de1a35aa8511b8aae6257d1524db905c040d9a988688738f4fc26a5d4549ddb438d4e74ab13abb7a6254e73cc8edaa67de30a88cd348dd1081341a6b6d8b4a1a85f5e42a2cb155f0f9b17b47a7f58d51cdb5108d6a228c6b65c18f8a06d5e12141c3dc625b0d16b0ed8a2c9b32ec52a840b5be926f4e2b60ae356e7abbd330560af4a9a5c27485e0edaeca1d35960f2a144ba956af427bc07e8b4da53a583da2f8b4d54833049e2dba85caba2661593ac1ac163155299652adeb724420c6d6243c30099439d486c8384d56cbd100412c4ba124effee2eabc522020566825a40d350540e42bac595dde1f0a56e9dc6a808bc6bea813583f50ae3f98d0fc73c0a2898727b5f21a3e3228235b8f18ac32f7ef4126f2ecdb6a2384d5162fe02a65d1233841330ceecbfdc8c1972426b440b758f43bf2f1b890a7642f53c863bad59565d640079f5187ead905a461c7c152604cafa40d39fa5036950dc1a1534d1de06d5836db24ea0024f93e52ba2b7b9bba2adfdd8795caa769e55c4ea0bc771f29e5655b273d9c64f7535d35c66265b19cee2075375e96678579b4d010978534100b5ad5a50eac63654fb221829a7e4f220d3a542c4ad072f97b8d100df1255e699d7f1a5856a89eb2c88af08dea95642a53aeb96f78c8058321e7feacac8c55a25a1811694bae4cd017d5a8333c21c8b39b54a231d21bab2bfe758b5567b5f0e983a03a53598fd1157a48448da99e3944db8707c89b54fc835c041a956b7c2df2309d3ba8ed707ffa0087a52c113f3fd2014f7954856054c1c9f226f5b3812540e4a9a13c78e35a6702a768fea2e0b02e2f332a7a598051b9ad585f386cd43e20a4331082f943015326bbb4ce5d3d2f58a8d12bac5ee71cd6e5f9d5cb375f3c7906f2e4c7173f49c0726eeb6bfc4e9cad8ec21a7bcd94346eb301f3038dda246a28eeadd160ab5a3663a1b0ca39f7cbab6fbe28fceeeb1fae74b8ae9ee3abd92a59bc644d87375a9f9db6fd3645c27497b09abe451c99a2a56ae5e0bb1c123f3dc3173bc9ae3f5dccaf5507da1b5dbbae7ea4cba9863fb0aeba0e2d4bbfb5e688ada677aaa6244c7d9be46c8fed57071c2e5fc1c484d1dd450ccefd804d69c40203febb9f34f5c3e90b09a89f6ded56d9a29bb6aab49a355f6160b9012be935b3ac18018c166cf8a89a5ade1eb0ba4277d45dda5a15c772d5c268adddfbec1c0984d1860d8271e5654d77056dd095768e3547a66917544d6f192e2998fbaea3488f8e15a57e76d1fd387442c5bbb3cb225ac64458e9b2802a41ffbe761a367bafbaa0ee69a3c1350fedbbb59a4ad7b142e35a1db432db3cd8f471e978efd5315afd3b2006751db89065030b73b6c737fc9012f2fb7bcbc86cd22c4dc70a2aa1edc35ed4a6f7f3a18a487bdabed31904f92dfaa59acb51f75cf3fc3b122cd49cba1e4f6d35db3b5d559010685839bfdcfe7c88aa84964e32105c92d22d1152c8715f4a5fdb77be29029c00694ddd32a76c2bdfaf343a70f913bca2ef9f2fde3fbdd54ec1a255775f685e5ef12d2956dd1205b81ad46e1bc5df4106e92299ba5eebb4a9ec8bdc3a0afcba1645adef6e9fdefe4bf3f55422fc46e75b3fa8abd6ada2835c0896b3388d5b9e992d92a9e92d5373cfc6d739ac404b7a7a9ae4fffaf4e9d3eff59f41ae91eb483a7f8bc5c0ba6b61810d585693e6ee95e09613f08fba01d00648f94203bc928b694262f5f4f63b7d6b15cced72bd6e971053ebb4986a58e81d9ac5b240a0488ae4a16ea5969aa0d0078d353d9d6f80154ad1ed909cddb32293af5c8b873f03b90ee442b414ad5912a60d6db50b0e4d3cc1e3abc3b071924bfb8acc047e41b07ef5cdc3324fda59f86df62d2a9bd62d40a392102eecdb3d1c28950243a355dc756320433c7878e8dd3e9033df8a3c2b02b06effcf957fa4655172f1596b2005d045edf611b8550854245893aaa4a900a369c12ccaa03ab535d372c99b73dd0ad31e38f7b7dbdbdfbfe3ef41b35ce7e7dbdbef95e7a28425ed66bec44e91a476e13a8640c8859c065aa18c87d99dd5efae425b89fe40033fc79a8bca91fcdfa44edddefe6786d441fe0b30a32f6112ae566e5ebec2cbd56f1982fbabc0f36bd22c9826b0a69eeb870a55084dea105ae758c3a29221dadfbf66ef6fa35f6fbfffeff74ffff31d5a23218c45740dab5e1d1d4dad1d37546a5257f741c09ba291d5aef3cecee440b6454d0cd4f20160dd9a3effed7b71fbcbaf4f2df7bfbf67e4941ad95f6636a89f015526d8449add5013051c2eae93ab59a189a808643e2f245a5708829af9f3de4bb47e71c4efbf7c6fde46960566480aa48a2c2f2fcfceb1eb81762cab1160efd83edfd8439e76e9164c9d63d5728436e167b53042bd3ebf24cd4aa3a1fbdbd3f7f0bf28b2242d904cfe77e5e0d546c92f2fafdee03f74acfc127b44c582353fcd9aaad005e750319b3e9a2476d6e361a45512688df7bbb7dfa2cfca78964fc7fb7aefbfa3ada7d3baa92ab29c9d63bda177a363b511476859b874157c68d0ac82b22e907ea06a1d79ad60341ad301044a687336e30dcde7e43fecfeebf67ddecc882bf55ed2a163a6fe28dc51d72b161c03c8e8f1d014f36180f810418c50b5f21bd9394ed059dc6d73bd6eb6de3295af774ab07ecf7f5fe74a639ec3c6b2e39e596817c18fc3c544934f1f45d59ac2bf74cd7056136fd1e362ded13321b13fcca9173606f17fce67017a134c5fdf80d215c2f3ee8685d8884e3d099aad58aaa51877751d6a052aef7a1cb038096c639d3f13fa8041a17e9077dada984733bda8e14ee2e4fa62be1de7665a696702481c8326751a1d4bdf4b439776fb9221ce1c016caae05cf8245d16dfbe3b3eab5c89e3dd655e7a6ee77ec19d1ae1751c76da467248b1ac003cdb26db11bbc1020f1e4390eee3c5a06b8b79c99a5f97659e6bb8e5815700cc727d61ef37693d6a98df2ed7f14c6f62f4ef04e74c4b47519dda9072f1462dba2f112cf4e251557aa59885a368802d366e9087cc6b1da65ee2cdd264019c8a22a52502d69acc932c5b4966798ee02caf99e9af8bdb52d2ac0804de66eef69713a0cde4e3753f02ca26534697adc24e817c7bc15cdfa362341e0e369bcd60380ef5a6aa4114146cd89a1917011c9292e4aa1c38bb817bb635753f574db07c8945737d2597251cd373ed49688c8f26ad2ddf9ed47be278a11d4e4adf31715bf8be301dabbbd7dec3dd007bf03c4483dab92b056b72b0babcb8817eb0ec18e11f83b2564a47b0eda0bc48d74e16fed1bec24e04078cfa2b685fb6f4c98e16ae0e80ca7be3bd3b09e4beb42c6ea7b789788931971ea6b3c083418f04cf28da25baed75c69b69c4cac2646474e1141a6f5b6817a04d5071b99dddb04db32a243e1c3fb5cd7153cf8353c4a12037ef94ce01b99ef4eadc9ced57fb9b286081f04a56a08070636024ae078725eacf830e0ba3e3b71ab400a556f0d44c7ab2c54d06bcc528000b99384ef59499e548a95e3205f97167299075f9b9dfa76bc221c3cd2c26970a40444fb95d28a08878e3c9310db964aef5fb6e5762154a8f24926177b434a46bd77f848e06a40de79b1f0953e90225a4cd540bab90b8b177fc85a4ae327f938376eab7752f0a20c36029be3f3736b61fccf329215a3e6e82ca9b9c401705f799a623e1c2dc248c75e398ae84c99918e30bdfd92e9dfa5a7a1eab990c7c0c0ab1eea47d079c2387d5ee70e5e9838efecf0a9eca1720d38973e75458d212c7dc64a3dd26117677e7dd789559610e284762638491278c7edbb682a3859e5c5dcc3cc1e37ef1e433328c02dd72a711300b7bdab1a706134323d9b256bd7a391e8f5601566a1677c61f3217e0edc202734a324774065493d6537c90601ca4e539617e8a0f66ccbabbd6ccf8a32d3320014db6c39b2ab4e0b00a81b974c865145d1ab171b700be90d72cb2413c76d46ae41474bdd0e1be543d1e15cb0951282c66cc7137271eef56e3c294bf8b9ff725eb122bc7dbc87cc7bf937423182732e231362a74ae5a74324d974e13697aada14cf0312bddea4605ce2e703e164b7e9e11b97933f4ace9d4f14cbf9f808e40f5e0cb80496ee63a3786c596923914b1427c3a84d52905c283d0cef7ea38a2d511076d25584cf6fbc51df2830ba3db352ebc208efb1387015b584a3b1c72e8b91a1695144ebd45bb1bb5002bd6bcceb50f13620de44e8cfe516f828f45661eaaddf6252bc07ff87de386b175e289e1e04bac8c8a44da61d28593d256d747ad33ad3d96bc68b1186f627fd18709a14527e518092fea04a1a7e6c12431e85d005abcbbf02cceee1c7fde1e61ff92bb18ddf93616c29c23acd4a161748a0f3b5dac60750a004247ae1bdd9bb2e2cc242dd958ee72898664dcb833a3dd5dfb5b63ba221d84d4a875bd3e0e99bedaaf758e58d9a76a83241d8c6bae49a95a61be81d03ad439d1419bbcb310e67665ec25645f069c498a1f74faae691d6fce620513aa3a6f21a94a0f503c5dc1154992fbd038f23359e5e22e8c957db73622492e36e30e74125a6e29c9f7d55457475de314394341280e2ac7656cd8bdc98dcc927a6d98a416e3f166b16a5966e919226a1194615c333c61d93d3d2e5a227404a11f51e9b2bd3c5afb5514afb5ddfae0c985f0dcaac296985133510f4dd0f4d62797e394cb105d95957637847b7e4f65c6bab774231ce59f921642cfa60f36ba8f2da30823be17a9ceb2f1fa3eb8eab114ae6a14ed4e90d03aecd45d7b4ea6688a325751c612afd83dbd7b95e20451da537b41d4ad353b9dbae8074942552b37a3d8e182b7fe827af9f62a0d7a8989acc3b14f6182f0cf496f4bf98ee767bdd68335bbe700cc2252dc99a74a14df5007b9989dc69cd79f94b149b94ae6712443ba98b1e3ccb8541c2ff0fb5937ed580589f4b8e44728e901db2d6f9705facea0a47d262f96e30b7bbd3b68d070468d0f0edb36eb288f8f2adda54a783c7ba9f55cc79ba5c544cb778bbd1f12264f7031d98d0fadff9db947f52c2b9835b56ffb2349386184881b44177a106bc7d7f3e5dab539e78110220802c6c46cdbc78c2793de7065ab8a4e1035b713f9a3493c51198fe5b19bcd518ed2ee84612c25ec1c59587bb84d3b1f247f7854d4aa5ac2a5eda55e9b47fde483129578b7b75be9ea31b6fe0768552aed9d9fce165abe60b3c5755dfc1f25f3151369b7bbd362d347c9166a64bc651929b5fc566047d23f25f1e8a066bd4e381ecc97331688acff439aee7ad0cc755e7faff4ae27b6361b6db932f28980333b10ae27dd3b7a7a5f6b3a723c36bb786499cd9f905e3275b938ca12ada302962539299b0cfeb94829190da047b9ba7065b948b52e1e39a7fa70698f378bbd605cb43cdf77417cd7f7a1bd9bb3d97297fce335ea587aa3f170b3eb2f9620d3fe7c739d848f389df92c9fe5b3fc05f97f21410a2485f9a52f0000000049454e44ae426082);
INSERT INTO `equipo` (`id`, `capitan_id`, `nombre`, `photo`) VALUES
(4, 8, 'Robos 2.0 FC', 0x89504e470d0a1a0a0000000d494844520000012c000000a808030000006df5233d000000f3504c5445ffffff295481d53c42004176265280004377003f7523517f204f7e154a7b1c4d7d00447710487ad32830f5dbdc11497af0c3c4f6f7f9bea25ae9ecf0a0adbfeff1f4f8f9fadfe3e98a9bb2315984d3d9e1b0bbcab8c2cfe3e7ecc9d0da607a9a7c90aac4ccd73f628a95a4b9d4333a8194ad7389a557739649698fd21e27a6b2c369819fb4becc9ba9bd46678d526f93f8e6e6c8a856ebb2b4e9a8aa00346f00306df7e3e4da6064e49395dd6f73d74a4ff2d0d1e69c9ed9575bd00617fcf3f345607eb29b60757873a59364e08386da5d62f0c8c9df787c978b6b5f6d7989836d7176749c8e68af996153667a00458700266893543d4b00001c2249444154789ced5d6963db36d2260d82271c5591258ad449c93a2c59569cb84d9ba36937dd5e6fbbdbffff6b5ecc0c48811449a7dd34a6dc4c3f34d645e2e11ccf0c0680617c96cff2593e8b26ed519c0c07838d94c1751287dd87bea1464a3b1ef42711e35c48f1505a220838b3568bcdb8f3d0b7d71c09374b9305c2772cb3445cd7134c4c76e3de43dfe7834b67b0e5dc73cb50d2c572bcc0deefe287bedd07947017310d28cbf17d4f8880071c2408a441ba1a8e8ec7bdc5f8a16ffa41a4bb99712f353ccb178279fbe57c301cc761a7d3ed7646619c0c768b095a6806992f5afdf0a16ffd53cb786ba748397ec0668b41dcaefa6c389caf7890a9a0cf67834f79ab0f2d8328504377055b7f90ef0e375b16f84a0f5bbcff0f2115bd9d68590a29be1c962954af570adfb8ef72df22b3b597a3bff93e9b203be5a92ccfde26b977c264d3dfee23c14802eb66b2d80df3e619f75b829452c2f5d8e9d74610542e8f369af6c49b656407c2f35dc73ab02dc771253565de64976888252bdb57704d2bfddc2390b129c8feecc9813285172b5b728452469a8600c1a2fe813474fadc23b8d8c5430ce3534877c249ab347f335e78454eea0a4dfc8c8449c0b6d7a9324abf471ada8a1e2751dd3057419546b23073403a568b789c49d2773dedad96e6e62e027cc762cbc79707756e048d6d926ad5f58cfb45a4a47805cbba60ba81ba81374fb19e13fa7eebb1b1fa010d4ca456d39e0be1a03f2aaa56112c2366f90fc830a8387c774b40b2e9a71ccadf2e5b8ec0b00dfdd9ee33e44b96c7f6fda004ac4e4882d16e200eef22c02e9b28b8c626daa21f3d1ed23532d1de821519504f42454e3bba9054691e1c8335b703147b075f986586e8ee9947b0a7d6dcb71175fbfaa106f7916588e37198cae83669d6620af2d6537104d62e75eb367ce42273f2c2685f982aa42a921546f82e9f3ec8d83eb6f4d1e77837a4567124323d11ca336fbd4ab0dca5fc2b49d1f4e7f071a5897ea08c7a8a9e4bec1f606c1f5bb630528bf5e9afa51edb44ca91567e1558fe42fe356ca57a06800fd2f72c31235b4c38b832d73cf9e47aef21566470633f4716b874d309be333bc4c41c588e0d9ebcafbee54ee0b391960f914f333a117cc211a75de9ea210aae491ab02890002e5521f912deeb45195ae4e0ef1897ffb1191a6a8a70007fc5b9782094754f5af84c4e99ceb711036f8d1cbb13e9ae0984c9d78781078ebaeda7fa72c4b38c455ac68ae0af6d2139e2a4b47d2427f6e9a2d5435a24b6f847c21ccb0f18e3adcc8cb87cf9bae522069da00aac5df60e38f4ae5d40dc620bfcd806deb0ec5365f3ed08b19ae21f3226bac15c3a95cef54c6998e519e8ae5d8c63a16d9581359a6466078a7870fd8e90868a59406b8f9a9b105a27aa5be8af3885c18930fd559af12e880a58330339946ba3e31edb07b092b91418f6f04b2733b8297c2a0b93eb71cfe80e279046f966877ec002453b492fbf3f60d5bbf14d5fe3414bf43b0ebc32b7f95499ced0cec0da31dff74c787195b9284421a55cee56fdd4682f35cf0910a1187f2038c1022a324d8158819f7767f86a4c2341628a03de6879ca869b3a75f0808276d308eaace1237ba56881f62d80887c15a2e5b82757b3e98bcc5f751d577a7a18412c0232b9859bd9154988aa0169a2c6b36c6015174a97c4103ea6a043626fa8698d9883afc2a0887ecbbdf94463fc5832845179682b5dd791be1ce85008f41d95ed1a10f015ab37e2bec91118481335b01c1cf58c9409a241c622f0abe19dbd47771e420596d01ae075979f74acffab8cf009a3e1b41d39580e5074a8fc07ae085d8f87f4bbbb330349b2084e63eb234150a9b3807f87e889302decf1d4d9837e8eb98c0dc81be28325620d836f3efd90ffba4065c0b2d04a8097623c6fd39c8403ce0bf33b84a59fce4c23ddeac696bb9a6e2769518601614575c2b47093d15a0ebf0d3ad75ac145d05689356c7df3b4c829de3043c39271503d7395d130f0e8180e5be085f659b473d793804bcfefb8eea1f9c89fecc6469446bf435a885a0906aea2ec1a6c9563f440c6e29f8c931f802950ee0cb0213c881a8431f0366d3427acd0dc643ceab8c26c62674d10488c02509598acd0c34701c07420aa7a5343d59e2d8c83dd20b5d353900e3a59742673a1accdd811e56ca1efa5fc0e2b34b3dc7ca1ebb7024e13d21c3a8ed464bdfc91ebf46b96bd81986861781df1f4b1ac9c2c0e22bbe527d23cb2769567a248ee531965ced0aaf09fc406a042631c14cb15dcdfce87f1a88b26d4eec4c9c53262820013bc8f8a6545f25b1357f93872edaebc124d64531cec4309829d44756b23322ba149d5608aaf0f6c151f372aa6418526562edbe7fe625836bcde783e6318037c8418ed0b99aa8f6a742d7fac75dd4f6b8aa450e0f9ddd52719edff26381091dd33da1e3990c446751ba67503668c569c74caebd785afce66c6f359cf06fc12b976b04def505344be868e800fffde817e0c0113c1accf586481de438d32c6a03ae3acc6e2f76d74346c95eba6e93d7bf2faf5eb275fbdd35f0ca74c55bc28ed99003c487adb41ceeb39689da8dda2f11171cc537f31d62a4f6e94f6bb845a111eb4c5b1b75999a0175f6c07c6f36fcf41ae5e4ac59b279969b6e76a029be62966f047000a3ccfcf6b7b98174090f5179f70dc7f49800ab5b0249523028e4319f488e74666f1553a3d3abad8db81277dcef3cb3390cb9746c7c6f699d4427ba48944e07a84167cb1304b8b84145308bbe153af307b4ce5df45fe81ab2a4a77a6bfec99aa3ad3db482f8e85bca1f182c03a7b697431fcf9813f57a3eeacc0e688351813ee98363c820258984fe1e59d86fb78f0151ce7158ae55f931130abcc9359b6caa43b0b42cac479d7370aacb7869196677c7ba5d46b08cda8aadc339cdd2153700a17c2d20edd49a3b31ea816d0f39c158720b1a1f0b44deb772e0da5bbb40fda2689ead70aac33c338d8acc3d7f4e9f64a005a9aefeeb1e29550df40c729183455b05602363310c511c020a81840d38042d9c8dcd69d5b30327e50609de7a608a1bda1abbe00f9e3a1787c519c3452b90e10ffa0c1f317a0583e9ac6d10050685e1ac885faa7115bf94fb2b6f18d02eb4aaf29230636cd652432a066267cd49184bf82e5fba0d9aa25521b989783650612c93dd65028755bd885565219dede2a2b3c7f674c0ba9b558a3728dc0c3f9bc3feeb6c37e0956aa6a087ad95caf05b68705df6337920d774bf526a4a1dd591153d084d4659d3f39cc7b65ef63f030ba96835da63c5b4750109c791d8a26571fe051623652a55852a004a5b08a83a39a0cd8f0550ad68f38dcbc58d4ddd0b68ee247fe63182f416bed86cef5405580d2575ed3a70d03c0b0383c2217385bf1ec5c8175f9dc0883e38f502356d7abbf047a7628ac6685fe8609a4b458d03b8e4ff9e162501c94600534eb7506d6d707a295fb0c164d47ac162df2ec50f70a6aeef8e1a48dd3e7f0affab5965416bc2ec30a0ac3cf539f75f94db134a8a485688d4b7f2013740740e345238b0fa0f434f75ec6b132a19a56523e54cf38705260a5c5704842d391bbfacb40a00979535d3c24fa3807b3aad52c01f587b01c2b9896f82603eb0a7a6c4a3fc7d1cbd75f87a5f33f76034ba6507043f7dea9e40d38060884ed0af70ce5faf34cb1247728142932c1f9a276ad6a79c0e450db1b588d87fb6ac1b4c2ae9cfa9010bfdf57e8040f8d775707b09e1f9afe0a624149da482aa044c15900e8e6721bd8990b33773698985917a6b07a59e56d2072fd78d0accb1f0c63598196aa97d6192296bdf6e95d354af019822f0deb1e37d6e62b1c1639e53707ff7ef64a6b543efaa50ba3a40d50179c87457d6f5c3c04b2ed9554797342c4fab87aa30446f5ef03566757ef888f940afaedfe7d17434fdab83e1108f2387d1ed55821667683125aaec6df3b243b2ae1c91ab28e8428415daec0d4ed58e24191291157d573eb622115032ae93dc4d2d7e71a58c0e137951fc73acc51aaad092a3ae85ed0b0cec90e57b329d735f13c00da503d3c88a5bacb42a755ed9610faeafa866a2619670d04cd1170c498582cab0314cd240495860334f2958ed5d9d5b33aea8946bda8f15ad03ade6ea0d3026d471f5173ef980b6d2a350f86f4ec2a07d6e573a3a44c937d0128705df0c5660a482f9d8705a728c0b2a091b1ce6561fcaaf6ff5055797e9907eba551ab8ac0a46eaa2b5be8b4a07db5614d22b67211d57a408a10572a021ae9bfcff222c9430d3dc0d6c9ea08401dbe50be158d9ab78059616c2daa61594848cbcb0820e085df5d15c0023b1c55334fdfd07abf8f05677b616154b33c3c5465705deaa4da28d016aa6d0aba445f5c16c03afb77ed6f623f6025c795866f50bcd49bc81f5ea0368aeeb45ab19050c795568ae5df5745ac301e569b2e7ea946999160b94d9bc7472fdaa340fdd70606deffc9f91158976f8c1a1f8e7636ae7693486664b6dd2c0e0fe93f3890b21986f4c6c14ad755c34642fbc391154ab40cd5c6542a60dabd6a9f86640598186b52ab962404d8c0565351c6c4b1362d3e72ef20e75f18356e099f40351b71e111808b089ad47cc4154d1e54c771661497ec6a82367aecde41de1a35aa8511b8aae6257d1524db905c040d9a988688738f4fc26a5d4549ddb438d4e74ab13abb7a6254e73cc8edaa67de30a88cd348dd1081341a6b6d8b4a1a85f5e42a2cb155f0f9b17b47a7f58d51cdb5108d6a228c6b65c18f8a06d5e12141c3dc625b0d16b0ed8a2c9b32ec52a840b5be926f4e2b60ae356e7abbd330560af4a9a5c27485e0edaeca1d35960f2a144ba956af427bc07e8b4da53a583da2f8b4d54833049e2dba85caba2661593ac1ac163155299652adeb724420c6d6243c30099439d486c8384d56cbd100412c4ba124effee2eabc522020566825a40d350540e42bac595dde1f0a56e9dc6a808bc6bea813583f50ae3f98d0fc73c0a2898727b5f21a3e3228235b8f18ac32f7ef4126f2ecdb6a2384d5162fe02a65d1233841330ceecbfdc8c1972426b440b758f43bf2f1b890a7642f53c863bad59565d640079f5187ead905a461c7c152604cafa40d39fa5036950dc1a1534d1de06d5836db24ea0024f93e52ba2b7b9bba2adfdd8795caa769e55c4ea0bc771f29e5655b273d9c64f7535d35c66265b19cee2075375e96678579b4d010978534100b5ad5a50eac63654fb221829a7e4f220d3a542c4ad072f97b8d100df1255e699d7f1a5856a89eb2c88af08dea95642a53aeb96f78c8058321e7feacac8c55a25a1811694bae4cd017d5a8333c21c8b39b54a231d21bab2bfe758b5567b5f0e983a03a53598fd1157a48448da99e3944db8707c89b54fc835c041a956b7c2df2309d3ba8ed707ffa0087a52c113f3fd2014f7954856054c1c9f226f5b3812540e4a9a13c78e35a6702a768fea2e0b02e2f332a7a598051b9ad585f386cd43e20a4331082f943015326bbb4ce5d3d2f58a8d12bac5ee71cd6e5f9d5cb375f3c7906f2e4c7173f49c0726eeb6bfc4e9cad8ec21a7bcd94346eb301f3038dda246a28eeadd160ab5a3663a1b0ca39f7cbab6fbe28fceeeb1fae74b8ae9ee3abd92a59bc644d87375a9f9db6fd3645c27497b09abe451c99a2a56ae5e0bb1c123f3dc3173bc9ae3f5dccaf5507da1b5dbbae7ea4cba9863fb0aeba0e2d4bbfb5e688ada677aaa6244c7d9be46c8fed57071c2e5fc1c484d1dd450ccefd804d69c40203febb9f34f5c3e90b09a89f6ded56d9a29bb6aab49a355f6160b9012be935b3ac18018c166cf8a89a5ade1eb0ba4277d45dda5a15c772d5c268adddfbec1c0984d1860d8271e5654d77056dd095768e3547a66917544d6f192e2998fbaea3488f8e15a57e76d1fd387442c5bbb3cb225ac64458e9b2802a41ffbe761a367bafbaa0ee69a3c1350fedbbb59a4ad7b142e35a1db432db3cd8f471e978efd5315afd3b2006751db89065030b73b6c737fc9012f2fb7bcbc86cd22c4dc70a2aa1edc35ed4a6f7f3a18a487bdabed31904f92dfaa59acb51f75cf3fc3b122cd49cba1e4f6d35db3b5d559010685839bfdcfe7c88aa84964e32105c92d22d1152c8715f4a5fdb77be29029c00694ddd32a76c2bdfaf343a70f913bca2ef9f2fde3fbdd54ec1a255775f685e5ef12d2956dd1205b81ad46e1bc5df4106e92299ba5eebb4a9ec8bdc3a0afcba1645adef6e9fdefe4bf3f55422fc46e75b3fa8abd6ada2835c0896b3388d5b9e992d92a9e92d5373cfc6d739ac404b7a7a9ae4fffaf4e9d3eff59f41ae91eb483a7f8bc5c0ba6b61810d585693e6ee95e09613f08fba01d00648f94203bc928b694262f5f4f63b7d6b15cced72bd6e971053ebb4986a58e81d9ac5b240a0488ae4a16ea5969aa0d0078d353d9d6f80154ad1ed909cddb32293af5c8b873f03b90ee442b414ad5912a60d6db50b0e4d3cc1e3abc3b071924bfb8acc047e41b07ef5cdc3324fda59f86df62d2a9bd62d40a392102eecdb3d1c28950243a355dc756320433c7878e8dd3e9033df8a3c2b02b06effcf957fa4655172f1596b2005d045edf611b8550854245893aaa4a900a369c12ccaa03ab535d372c99b73dd0ad31e38f7b7dbdbdfbfe3ef41b35ce7e7dbdbef95e7a28425ed66bec44e91a476e13a8640c8859c065aa18c87d99dd5efae425b89fe40033fc79a8bca91fcdfa44edddefe6786d441fe0b30a32f6112ae566e5ebec2cbd56f1982fbabc0f36bd22c9826b0a69eeb870a55084dea105ae758c3a29221dadfbf66ef6fa35f6fbfffeff74ffff31d5a23218c45740dab5e1d1d4dad1d37546a5257f741c09ba291d5aef3cecee440b6454d0cd4f20160dd9a3effed7b71fbcbaf4f2df7bfbf67e4941ad95f6636a89f015526d8449add5013051c2eae93ab59a189a808643e2f245a5708829af9f3de4bb47e71c4efbf7c6fde46960566480aa48a2c2f2fcfceb1eb81762cab1160efd83edfd8439e76e9164c9d63d5728436e167b53042bd3ebf24cd4aa3a1fbdbd3f7f0bf28b2242d904cfe77e5e0d546c92f2fafdee03f74acfc127b44c582353fcd9aaad005e750319b3e9a2476d6e361a45512688df7bbb7dfa2cfca78964fc7fb7aefbfa3ada7d3baa92ab29c9d63bda177a363b511476859b874157c68d0ac82b22e907ea06a1d79ad60341ad301044a687336e30dcde7e43fecfeebf67ddecc882bf55ed2a163a6fe28dc51d72b161c03c8e8f1d014f36180f810418c50b5f21bd9394ed059dc6d73bd6eb6de3295af774ab07ecf7f5fe74a639ec3c6b2e39e596817c18fc3c544934f1f45d59ac2bf74cd7056136fd1e362ded13321b13fcca9173606f17fce67017a134c5fdf80d215c2f3ee8685d8884e3d099aad58aaa51877751d6a052aef7a1cb038096c639d3f13fa8041a17e9077dada984733bda8e14ee2e4fa62be1de7665a696702481c8326751a1d4bdf4b439776fb9221ce1c016caae05cf8245d16dfbe3b3eab5c89e3dd655e7a6ee77ec19d1ae1751c76da467248b1ac003cdb26db11bbc1020f1e4390eee3c5a06b8b79c99a5f97659e6bb8e5815700cc727d61ef37693d6a98df2ed7f14c6f62f4ef04e74c4b47519dda9072f1462dba2f112cf4e251557aa59885a368802d366e9087cc6b1da65ee2cdd264019c8a22a52502d69acc932c5b4966798ee02caf99e9af8bdb52d2ac0804de66eef69713a0cde4e3753f02ca26534697adc24e817c7bc15cdfa362341e0e369bcd60380ef5a6aa4114146cd89a1917011c9292e4aa1c38bb817bb635753f574db07c8945737d2597251cd373ed49688c8f26ad2ddf9ed47be278a11d4e4adf31715bf8be301dabbbd7dec3dd007bf03c4483dab92b056b72b0babcb8817eb0ec18e11f83b2564a47b0eda0bc48d74e16fed1bec24e04078cfa2b685fb6f4c98e16ae0e80ca7be3bd3b09e4beb42c6ea7b789788931971ea6b3c083418f04cf28da25baed75c69b69c4cac2646474e1141a6f5b6817a04d5071b99dddb04db32a243e1c3fb5cd7153cf8353c4a12037ef94ce01b99ef4eadc9ced57fb9b286081f04a56a08070636024ae078725eacf830e0ba3e3b71ab400a556f0d44c7ab2c54d06bcc528000b99384ef59499e548a95e3205f97167299075f9b9dfa76bc221c3cd2c26970a40444fb95d28a08878e3c9310db964aef5fb6e5762154a8f24926177b434a46bd77f848e06a40de79b1f0953e90225a4cd540bab90b8b177fc85a4ae327f938376eab7752f0a20c36029be3f3736b61fccf329215a3e6e82ca9b9c401705f799a623e1c2dc248c75e398ae84c99918e30bdfd92e9dfa5a7a1eab990c7c0c0ab1eea47d079c2387d5ee70e5e9838efecf0a9eca1720d38973e75458d212c7dc64a3dd26117677e7dd789559610e284762638491278c7edbb682a3859e5c5dcc3cc1e37ef1e433328c02dd72a711300b7bdab1a706134323d9b256bd7a391e8f5601566a1677c61f3217e0edc202734a324774065493d6537c90601ca4e539617e8a0f66ccbabbd6ccf8a32d3320014db6c39b2ab4e0b00a81b974c865145d1ab171b700be90d72cb2413c76d46ae41474bdd0e1be543d1e15cb0951282c66cc7137271eef56e3c294bf8b9ff725eb122bc7dbc87cc7bf937423182732e231362a74ae5a74324d974e13697aada14cf0312bddea4605ce2e703e164b7e9e11b97933f4ace9d4f14cbf9f808e40f5e0cb80496ee63a3786c596923914b1427c3a84d52905c283d0cef7ea38a2d511076d25584cf6fbc51df2830ba3db352ebc208efb1387015b584a3b1c72e8b91a1695144ebd45bb1bb5002bd6bcceb50f13620de44e8cfe516f828f45661eaaddf6252bc07ff87de386b175e289e1e04bac8c8a44da61d28593d256d747ad33ad3d96bc68b1186f627fd18709a14527e518092fea04a1a7e6c12431e85d005abcbbf02cceee1c7fde1e61ff92bb18ddf93616c29c23acd4a161748a0f3b5dac60750a004247ae1bdd9bb2e2cc242dd958ee72898664dcb833a3dd5dfb5b63ba221d84d4a875bd3e0e99bedaaf758e58d9a76a83241d8c6bae49a95a61be81d03ad439d1419bbcb310e67665ec25645f069c498a1f74faae691d6fce620513aa3a6f21a94a0f503c5dc1154992fbd038f23359e5e22e8c957db73622492e36e30e74125a6e29c9f7d55457475de314394341280e2ac7656cd8bdc98dcc927a6d98a416e3f166b16a5966e919226a1194615c333c61d93d3d2e5a227404a11f51e9b2bd3c5afb5514afb5ddfae0c985f0dcaac296985133510f4dd0f4d62797e394cb105d95957637847b7e4f65c6bab774231ce59f921642cfa60f36ba8f2da30823be17a9ceb2f1fa3eb8eab114ae6a14ed4e90d03aecd45d7b4ea6688a325751c612afd83dbd7b95e20451da537b41d4ad353b9dbae8074942552b37a3d8e182b7fe827af9f62a0d7a8989acc3b14f6182f0cf496f4bf98ee767bdd68335bbe700cc2252dc99a74a14df5007b9989dc69cd79f94b149b94ae6712443ba98b1e3ccb8541c2ff0fb5937ed580589f4b8e44728e901db2d6f9705facea0a47d262f96e30b7bbd3b68d070468d0f0edb36eb288f8f2adda54a783c7ba9f55cc79ba5c544cb778bbd1f12264f7031d98d0fadff9db947f52c2b9835b56ffb2349386184881b44177a106bc7d7f3e5dab539e78110220802c6c46cdbc78c2793de7065ab8a4e1035b713f9a3493c51198fe5b19bcd518ed2ee84612c25ec1c59587bb84d3b1f247f7854d4aa5ac2a5eda55e9b47fde483129578b7b75be9ea31b6fe0768552aed9d9fce165abe60b3c5755dfc1f25f3151369b7bbd362d347c9166a64bc651929b5fc566047d23f25f1e8a066bd4e381ecc97331688acff439aee7ad0cc755e7faff4ae27b6361b6db932f28980333b10ae27dd3b7a7a5f6b3a723c36bb786499cd9f905e3275b938ca12ada302962539299b0cfeb94829190da047b9ba7065b948b52e1e39a7fa70698f378bbd605cb43cdf77417cd7f7a1bd9bb3d97297fce335ea587aa3f170b3eb2f9620d3fe7c739d848f389df92c9fe5b3fc05f97f21410a2485f9a52f0000000049454e44ae426082),
(5, 9, 'Vere FC', 0x89504e470d0a1a0a0000000d494844520000012c000000a808030000006df5233d000000f3504c5445ffffff295481d53c42004176265280004377003f7523517f204f7e154a7b1c4d7d00447710487ad32830f5dbdc11497af0c3c4f6f7f9bea25ae9ecf0a0adbfeff1f4f8f9fadfe3e98a9bb2315984d3d9e1b0bbcab8c2cfe3e7ecc9d0da607a9a7c90aac4ccd73f628a95a4b9d4333a8194ad7389a557739649698fd21e27a6b2c369819fb4becc9ba9bd46678d526f93f8e6e6c8a856ebb2b4e9a8aa00346f00306df7e3e4da6064e49395dd6f73d74a4ff2d0d1e69c9ed9575bd00617fcf3f345607eb29b60757873a59364e08386da5d62f0c8c9df787c978b6b5f6d7989836d7176749c8e68af996153667a00458700266893543d4b00001c2249444154789ced5d6963db36d2260d82271c5591258ad449c93a2c59569cb84d9ba36937dd5e6fbbdbffff6b5ecc0c48811449a7dd34a6dc4c3f34d645e2e11ccf0c0680617c96cff2593e8b26ed519c0c07838d94c1751287dd87bea1464a3b1ef42711e35c48f1505a220838b3568bcdb8f3d0b7d71c09374b9305c2772cb3445cd7134c4c76e3de43dfe7834b67b0e5dc73cb50d2c572bcc0deefe287bedd07947017310d28cbf17d4f8880071c2408a441ba1a8e8ec7bdc5f8a16ffa41a4bb99712f353ccb178279fbe57c301cc761a7d3ed7646619c0c768b095a6806992f5afdf0a16ffd53cb786ba748397ec0668b41dcaefa6c389caf7890a9a0cf67834f79ab0f2d8328504377055b7f90ef0e375b16f84a0f5bbcff0f2115bd9d68590a29be1c962954af570adfb8ef72df22b3b597a3bff93e9b203be5a92ccfde26b977c264d3dfee23c14802eb66b2d80df3e619f75b829452c2f5d8e9d74610542e8f369af6c49b656407c2f35dc73ab02dc771253565de64976888252bdb57704d2bfddc2390b129c8feecc9813285172b5b728452469a8600c1a2fe813474fadc23b8d8c5430ce3534877c249ab347f335e78454eea0a4dfc8c8449c0b6d7a9324abf471ada8a1e2751dd3057419546b23073403a568b789c49d2773dedad96e6e62e027cc762cbc79707756e048d6d926ad5f58cfb45a4a47805cbba60ba81ba81374fb19e13fa7eebb1b1fa010d4ca456d39e0be1a03f2aaa56112c2366f90fc830a8387c774b40b2e9a71ccadf2e5b8ec0b00dfdd9ee33e44b96c7f6fda004ac4e4882d16e200eef22c02e9b28b8c626daa21f3d1ed23532d1de821519504f42454e3bba9054691e1c8335b703147b075f986586e8ee9947b0a7d6dcb71175fbfaa106f7916588e37198cae83669d6620af2d6537104d62e75eb367ce42273f2c2685f982aa42a921546f82e9f3ec8d83eb6f4d1e77837a4567124323d11ca336fbd4ab0dca5fc2b49d1f4e7f071a5897ea08c7a8a9e4bec1f606c1f5bb630528bf5e9afa51edb44ca91567e1558fe42fe356ca57a06800fd2f72c31235b4c38b832d73cf9e47aef21566470633f4716b874d309be333bc4c41c588e0d9ebcafbee54ee0b391960f914f333a117cc211a75de9ea210aae491ab02890002e5521f912deeb45195ae4e0ef1897ffb1191a6a8a70007fc5b9782094754f5af84c4e99ceb711036f8d1cbb13e9ae0984c9d78781078ebaeda7fa72c4b38c455ac68ae0af6d2139e2a4b47d2427f6e9a2d5435a24b6f847c21ccb0f18e3adcc8cb87cf9bae522069da00aac5df60e38f4ae5d40dc620bfcd806deb0ec5365f3ed08b19ae21f3226bac15c3a95cef54c6998e519e8ae5d8c63a16d9581359a6466078a7870fd8e90868a59406b8f9a9b105a27aa5be8af3885c18930fd559af12e880a58330339946ba3e31edb07b092b91418f6f04b2733b8297c2a0b93eb71cfe80e279046f966877ec002453b492fbf3f60d5bbf14d5fe3414bf43b0ebc32b7f95499ced0cec0da31dff74c787195b9284421a55cee56fdd4682f35cf0910a1187f2038c1022a324d8158819f7767f86a4c2341628a03de6879ca869b3a75f0808276d308eaace1237ba56881f62d80887c15a2e5b82757b3e98bcc5f751d577a7a18412c0232b9859bd9154988aa0169a2c6b36c6015174a97c4103ea6a043626fa8698d9883afc2a0887ecbbdf94463fc5832845179682b5dd791be1ce85008f41d95ed1a10f015ab37e2bec91118481335b01c1cf58c9409a241c622f0abe19dbd47771e420596d01ae075979f74acffab8cf009a3e1b41d39580e5074a8fc07ae085d8f87f4bbbb330349b2084e63eb234150a9b3807f87e889302decf1d4d9837e8eb98c0dc81be28325620d836f3efd90ffba4065c0b2d04a8097623c6fd39c8403ce0bf33b84a59fce4c23ddeac696bb9a6e2769518601614575c2b47093d15a0ebf0d3ad75ac145d05689356c7df3b4c829de3043c39271503d7395d130f0e8180e5be085f659b473d793804bcfefb8eea1f9c89fecc6469446bf435a885a0906aea2ec1a6c9563f440c6e29f8c931f802950ee0cb0213c881a8431f0366d3427acd0dc643ceab8c26c62674d10488c02509598acd0c34701c07420aa7a5343d59e2d8c83dd20b5d353900e3a59742673a1accdd811e56ca1efa5fc0e2b34b3dc7ca1ebb7024e13d21c3a8ed464bdfc91ebf46b96bd81986861781df1f4b1ac9c2c0e22bbe527d23cb2769567a248ee531965ced0aaf09fc406a042631c14cb15dcdfce87f1a88b26d4eec4c9c53262820013bc8f8a6545f25b1357f93872edaebc124d64531cec4309829d44756b23322ba149d5608aaf0f6c151f372aa6418526562edbe7fe625836bcde783e6318037c8418ed0b99aa8f6a742d7fac75dd4f6b8aa450e0f9ddd52719edff26381091dd33da1e3990c446751ba67503668c569c74caebd785afce66c6f359cf06fc12b976b04def505344be868e800fffde817e0c0113c1accf586481de438d32c6a03ae3acc6e2f76d74346c95eba6e93d7bf2faf5eb275fbdd35f0ca74c55bc28ed99003c487adb41ceeb39689da8dda2f11171cc537f31d62a4f6e94f6bb845a111eb4c5b1b75999a0175f6c07c6f36fcf41ae5e4ac59b279969b6e76a029be62966f047000a3ccfcf6b7b98174090f5179f70dc7f49800ab5b0249523028e4319f488e74666f1553a3d3abad8db81277dcef3cb3390cb9746c7c6f699d4427ba48944e07a84167cb1304b8b84145308bbe153af307b4ce5df45fe81ab2a4a77a6bfec99aa3ad3db482f8e85bca1f182c03a7b697431fcf9813f57a3eeacc0e688351813ee98363c820258984fe1e59d86fb78f0151ce7158ae55f931130abcc9359b6caa43b0b42cac479d7370aacb7869196677c7ba5d46b08cda8aadc339cdd2153700a17c2d20edd49a3b31ea816d0f39c158720b1a1f0b44deb772e0da5bbb40fda2689ead70aac33c338d8acc3d7f4e9f64a005a9aefeeb1e29550df40c729183455b05602363310c511c020a81840d38042d9c8dcd69d5b30327e50609de7a608a1bda1abbe00f9e3a1787c519c3452b90e10ffa0c1f317a0583e9ac6d10050685e1ac885faa7115bf94fb2b6f18d02eb4aaf29230636cd652432a066267cd49184bf82e5fba0d9aa25521b989783650612c93dd65028755bd885565219dede2a2b3c7f674c0ba9b558a3728dc0c3f9bc3feeb6c37e0956aa6a087ad95caf05b68705df6337920d774bf526a4a1dd591153d084d4659d3f39cc7b65ef63f030ba96835da63c5b4750109c791d8a26571fe051623652a55852a004a5b08a83a39a0cd8f0550ad68f38dcbc58d4ddd0b68ee247fe63182f416bed86cef5405580d2575ed3a70d03c0b0383c2217385bf1ec5c8175f9dc0883e38f502356d7abbf047a7628ac6685fe8609a4b458d03b8e4ff9e162501c94600534eb7506d6d707a295fb0c164d47ac162df2ec50f70a6aeef8e1a48dd3e7f0affab5965416bc2ec30a0ac3cf539f75f94db134a8a485688d4b7f2013740740e345238b0fa0f434f75ec6b132a19a56523e54cf38705260a5c5704842d391bbfacb40a00979535d3c24fa3807b3aad52c01f587b01c2b9896f82603eb0a7a6c4a3fc7d1cbd75f87a5f33f76034ba6507043f7dea9e40d38060884ed0af70ce5faf34cb1247728142932c1f9a276ad6a79c0e450db1b588d87fb6ac1b4c2ae9cfa9010bfdf57e8040f8d775707b09e1f9afe0a624149da482aa044c15900e8e6721bd8990b33773698985917a6b07a59e56d2072fd78d0accb1f0c63598196aa97d6192296bdf6e95d354af019822f0deb1e37d6e62b1c1639e53707ff7ef64a6b543efaa50ba3a40d50179c87457d6f5c3c04b2ed9554797342c4fab87aa30446f5ef03566757ef888f940afaedfe7d17434fdab83e1108f2387d1ed55821667683125aaec6df3b243b2ae1c91ab28e8428415daec0d4ed58e24191291157d573eb622115032ae93dc4d2d7e71a58c0e137951fc73acc51aaad092a3ae85ed0b0cec90e57b329d735f13c00da503d3c88a5bacb42a755ed9610faeafa866a2619670d04cd1170c498582cab0314cd240495860334f2958ed5d9d5b33aea8946bda8f15ad03ade6ea0d3026d471f5173ef980b6d2a350f86f4ec2a07d6e573a3a44c937d0128705df0c5660a482f9d8705a728c0b2a091b1ce6561fcaaf6ff5055797e9907eba551ab8ac0a46eaa2b5be8b4a07db5614d22b67211d57a408a10572a021ae9bfcff222c9430d3dc0d6c9ea08401dbe50be158d9ab78059616c2daa61594848cbcb0820e085df5d15c0023b1c55334fdfd07abf8f05677b616154b33c3c5465705deaa4da28d016aa6d0aba445f5c16c03afb77ed6f623f6025c795866f50bcd49bc81f5ea0368aeeb45ab19050c795568ae5df5745ac301e569b2e7ea946999160b94d9bc7472fdaa340fdd70606deffc9f91158976f8c1a1f8e7636ae7693486664b6dd2c0e0fe93f3890b21986f4c6c14ad755c34642fbc391154ab40cd5c6542a60dabd6a9f86640598186b52ab962404d8c0565351c6c4b1362d3e72ef20e75f18356e099f40351b71e111808b089ad47cc4154d1e54c771661497ec6a82367aecde41de1a35aa8511b8aae6257d1524db905c040d9a988688738f4fc26a5d4549ddb438d4e74ab13abb7a6254e73cc8edaa67de30a88cd348dd1081341a6b6d8b4a1a85f5e42a2cb155f0f9b17b47a7f58d51cdb5108d6a228c6b65c18f8a06d5e12141c3dc625b0d16b0ed8a2c9b32ec52a840b5be926f4e2b60ae356e7abbd330560af4a9a5c27485e0edaeca1d35960f2a144ba956af427bc07e8b4da53a583da2f8b4d54833049e2dba85caba2661593ac1ac163155299652adeb724420c6d6243c30099439d486c8384d56cbd100412c4ba124effee2eabc522020566825a40d350540e42bac595dde1f0a56e9dc6a808bc6bea813583f50ae3f98d0fc73c0a2898727b5f21a3e3228235b8f18ac32f7ef4126f2ecdb6a2384d5162fe02a65d1233841330ceecbfdc8c1972426b440b758f43bf2f1b890a7642f53c863bad59565d640079f5187ead905a461c7c152604cafa40d39fa5036950dc1a1534d1de06d5836db24ea0024f93e52ba2b7b9bba2adfdd8795caa769e55c4ea0bc771f29e5655b273d9c64f7535d35c66265b19cee2075375e96678579b4d010978534100b5ad5a50eac63654fb221829a7e4f220d3a542c4ad072f97b8d100df1255e699d7f1a5856a89eb2c88af08dea95642a53aeb96f78c8058321e7feacac8c55a25a1811694bae4cd017d5a8333c21c8b39b54a231d21bab2bfe758b5567b5f0e983a03a53598fd1157a48448da99e3944db8707c89b54fc835c041a956b7c2df2309d3ba8ed707ffa0087a52c113f3fd2014f7954856054c1c9f226f5b3812540e4a9a13c78e35a6702a768fea2e0b02e2f332a7a598051b9ad585f386cd43e20a4331082f943015326bbb4ce5d3d2f58a8d12bac5ee71cd6e5f9d5cb375f3c7906f2e4c7173f49c0726eeb6bfc4e9cad8ec21a7bcd94346eb301f3038dda246a28eeadd160ab5a3663a1b0ca39f7cbab6fbe28fceeeb1fae74b8ae9ee3abd92a59bc644d87375a9f9db6fd3645c27497b09abe451c99a2a56ae5e0bb1c123f3dc3173bc9ae3f5dccaf5507da1b5dbbae7ea4cba9863fb0aeba0e2d4bbfb5e688ada677aaa6244c7d9be46c8fed57071c2e5fc1c484d1dd450ccefd804d69c40203febb9f34f5c3e90b09a89f6ded56d9a29bb6aab49a355f6160b9012be935b3ac18018c166cf8a89a5ade1eb0ba4277d45dda5a15c772d5c268adddfbec1c0984d1860d8271e5654d77056dd095768e3547a66917544d6f192e2998fbaea3488f8e15a57e76d1fd387442c5bbb3cb225ac64458e9b2802a41ffbe761a367bafbaa0ee69a3c1350fedbbb59a4ad7b142e35a1db432db3cd8f471e978efd5315afd3b2006751db89065030b73b6c737fc9012f2fb7bcbc86cd22c4dc70a2aa1edc35ed4a6f7f3a18a487bdabed31904f92dfaa59acb51f75cf3fc3b122cd49cba1e4f6d35db3b5d559010685839bfdcfe7c88aa84964e32105c92d22d1152c8715f4a5fdb77be29029c00694ddd32a76c2bdfaf343a70f913bca2ef9f2fde3fbdd54ec1a255775f685e5ef12d2956dd1205b81ad46e1bc5df4106e92299ba5eebb4a9ec8bdc3a0afcba1645adef6e9fdefe4bf3f55422fc46e75b3fa8abd6ada2835c0896b3388d5b9e992d92a9e92d5373cfc6d739ac404b7a7a9ae4fffaf4e9d3eff59f41ae91eb483a7f8bc5c0ba6b61810d585693e6ee95e09613f08fba01d00648f94203bc928b694262f5f4f63b7d6b15cced72bd6e971053ebb4986a58e81d9ac5b240a0488ae4a16ea5969aa0d0078d353d9d6f80154ad1ed909cddb32293af5c8b873f03b90ee442b414ad5912a60d6db50b0e4d3cc1e3abc3b071924bfb8acc047e41b07ef5cdc3324fda59f86df62d2a9bd62d40a392102eecdb3d1c28950243a355dc756320433c7878e8dd3e9033df8a3c2b02b06effcf957fa4655172f1596b2005d045edf611b8550854245893aaa4a900a369c12ccaa03ab535d372c99b73dd0ad31e38f7b7dbdbdfbfe3ef41b35ce7e7dbdbef95e7a28425ed66bec44e91a476e13a8640c8859c065aa18c87d99dd5efae425b89fe40033fc79a8bca91fcdfa44edddefe6786d441fe0b30a32f6112ae566e5ebec2cbd56f1982fbabc0f36bd22c9826b0a69eeb870a55084dea105ae758c3a29221dadfbf66ef6fa35f6fbfffeff74ffff31d5a23218c45740dab5e1d1d4dad1d37546a5257f741c09ba291d5aef3cecee440b6454d0cd4f20160dd9a3effed7b71fbcbaf4f2df7bfbf67e4941ad95f6636a89f015526d8449add5013051c2eae93ab59a189a808643e2f245a5708829af9f3de4bb47e71c4efbf7c6fde46960566480aa48a2c2f2fcfceb1eb81762cab1160efd83edfd8439e76e9164c9d63d5728436e167b53042bd3ebf24cd4aa3a1fbdbd3f7f0bf28b2242d904cfe77e5e0d546c92f2fafdee03f74acfc127b44c582353fcd9aaad005e750319b3e9a2476d6e361a45512688df7bbb7dfa2cfca78964fc7fb7aefbfa3ada7d3baa92ab29c9d63bda177a363b511476859b874157c68d0ac82b22e907ea06a1d79ad60341ad301044a687336e30dcde7e43fecfeebf67ddecc882bf55ed2a163a6fe28dc51d72b161c03c8e8f1d014f36180f810418c50b5f21bd9394ed059dc6d73bd6eb6de3295af774ab07ecf7f5fe74a639ec3c6b2e39e596817c18fc3c544934f1f45d59ac2bf74cd7056136fd1e362ded13321b13fcca9173606f17fce67017a134c5fdf80d215c2f3ee8685d8884e3d099aad58aaa51877751d6a052aef7a1cb038096c639d3f13fa8041a17e9077dada984733bda8e14ee2e4fa62be1de7665a696702481c8326751a1d4bdf4b439776fb9221ce1c016caae05cf8245d16dfbe3b3eab5c89e3dd655e7a6ee77ec19d1ae1751c76da467248b1ac003cdb26db11bbc1020f1e4390eee3c5a06b8b79c99a5f97659e6bb8e5815700cc727d61ef37693d6a98df2ed7f14c6f62f4ef04e74c4b47519dda9072f1462dba2f112cf4e251557aa59885a368802d366e9087cc6b1da65ee2cdd264019c8a22a52502d69acc932c5b4966798ee02caf99e9af8bdb52d2ac0804de66eef69713a0cde4e3753f02ca26534697adc24e817c7bc15cdfa362341e0e369bcd60380ef5a6aa4114146cd89a1917011c9292e4aa1c38bb817bb635753f574db07c8945737d2597251cd373ed49688c8f26ad2ddf9ed47be278a11d4e4adf31715bf8be301dabbbd7dec3dd007bf03c4483dab92b056b72b0babcb8817eb0ec18e11f83b2564a47b0eda0bc48d74e16fed1bec24e04078cfa2b685fb6f4c98e16ae0e80ca7be3bd3b09e4beb42c6ea7b789788931971ea6b3c083418f04cf28da25baed75c69b69c4cac2646474e1141a6f5b6817a04d5071b99dddb04db32a243e1c3fb5cd7153cf8353c4a12037ef94ce01b99ef4eadc9ced57fb9b286081f04a56a08070636024ae078725eacf830e0ba3e3b71ab400a556f0d44c7ab2c54d06bcc528000b99384ef59499e548a95e3205f97167299075f9b9dfa76bc221c3cd2c26970a40444fb95d28a08878e3c9310db964aef5fb6e5762154a8f24926177b434a46bd77f848e06a40de79b1f0953e90225a4cd540bab90b8b177fc85a4ae327f938376eab7752f0a20c36029be3f3736b61fccf329215a3e6e82ca9b9c401705f799a623e1c2dc248c75e398ae84c99918e30bdfd92e9dfa5a7a1eab990c7c0c0ab1eea47d079c2387d5ee70e5e9838efecf0a9eca1720d38973e75458d212c7dc64a3dd26117677e7dd789559610e284762638491278c7edbb682a3859e5c5dcc3cc1e37ef1e433328c02dd72a711300b7bdab1a706134323d9b256bd7a391e8f5601566a1677c61f3217e0edc202734a324774065493d6537c90601ca4e539617e8a0f66ccbabbd6ccf8a32d3320014db6c39b2ab4e0b00a81b974c865145d1ab171b700be90d72cb2413c76d46ae41474bdd0e1be543d1e15cb0951282c66cc7137271eef56e3c294bf8b9ff725eb122bc7dbc87cc7bf937423182732e231362a74ae5a74324d974e13697aada14cf0312bddea4605ce2e703e164b7e9e11b97933f4ace9d4f14cbf9f808e40f5e0cb80496ee63a3786c596923914b1427c3a84d52905c283d0cef7ea38a2d511076d25584cf6fbc51df2830ba3db352ebc208efb1387015b584a3b1c72e8b91a1695144ebd45bb1bb5002bd6bcceb50f13620de44e8cfe516f828f45661eaaddf6252bc07ff87de386b175e289e1e04bac8c8a44da61d28593d256d747ad33ad3d96bc68b1186f627fd18709a14527e518092fea04a1a7e6c12431e85d005abcbbf02cceee1c7fde1e61ff92bb18ddf93616c29c23acd4a161748a0f3b5dac60750a004247ae1bdd9bb2e2cc242dd958ee72898664dcb833a3dd5dfb5b63ba221d84d4a875bd3e0e99bedaaf758e58d9a76a83241d8c6bae49a95a61be81d03ad439d1419bbcb310e67665ec25645f069c498a1f74faae691d6fce620513aa3a6f21a94a0f503c5dc1154992fbd038f23359e5e22e8c957db73622492e36e30e74125a6e29c9f7d55457475de314394341280e2ac7656cd8bdc98dcc927a6d98a416e3f166b16a5966e919226a1194615c333c61d93d3d2e5a227404a11f51e9b2bd3c5afb5514afb5ddfae0c985f0dcaac296985133510f4dd0f4d62797e394cb105d95957637847b7e4f65c6bab774231ce59f921642cfa60f36ba8f2da30823be17a9ceb2f1fa3eb8eab114ae6a14ed4e90d03aecd45d7b4ea6688a325751c612afd83dbd7b95e20451da537b41d4ad353b9dbae8074942552b37a3d8e182b7fe827af9f62a0d7a8989acc3b14f6182f0cf496f4bf98ee767bdd68335bbe700cc2252dc99a74a14df5007b9989dc69cd79f94b149b94ae6712443ba98b1e3ccb8541c2ff0fb5937ed580589f4b8e44728e901db2d6f9705facea0a47d262f96e30b7bbd3b68d070468d0f0edb36eb288f8f2adda54a783c7ba9f55cc79ba5c544cb778bbd1f12264f7031d98d0fadff9db947f52c2b9835b56ffb2349386184881b44177a106bc7d7f3e5dab539e78110220802c6c46cdbc78c2793de7065ab8a4e1035b713f9a3493c51198fe5b19bcd518ed2ee84612c25ec1c59587bb84d3b1f247f7854d4aa5ac2a5eda55e9b47fde483129578b7b75be9ea31b6fe0768552aed9d9fce165abe60b3c5755dfc1f25f3151369b7bbd362d347c9166a64bc651929b5fc566047d23f25f1e8a066bd4e381ecc97331688acff439aee7ad0cc755e7faff4ae27b6361b6db932f28980333b10ae27dd3b7a7a5f6b3a723c36bb786499cd9f905e3275b938ca12ada302962539299b0cfeb94829190da047b9ba7065b948b52e1e39a7fa70698f378bbd605cb43cdf77417cd7f7a1bd9bb3d97297fce335ea587aa3f170b3eb2f9620d3fe7c739d848f389df92c9fe5b3fc05f97f21410a2485f9a52f0000000049454e44ae426082),
(9, 2, 'No se FC', 0x89504e470d0a1a0a0000000d494844520000012c000000a808030000006df5233d000000f3504c5445ffffff295481d53c42004176265280004377003f7523517f204f7e154a7b1c4d7d00447710487ad32830f5dbdc11497af0c3c4f6f7f9bea25ae9ecf0a0adbfeff1f4f8f9fadfe3e98a9bb2315984d3d9e1b0bbcab8c2cfe3e7ecc9d0da607a9a7c90aac4ccd73f628a95a4b9d4333a8194ad7389a557739649698fd21e27a6b2c369819fb4becc9ba9bd46678d526f93f8e6e6c8a856ebb2b4e9a8aa00346f00306df7e3e4da6064e49395dd6f73d74a4ff2d0d1e69c9ed9575bd00617fcf3f345607eb29b60757873a59364e08386da5d62f0c8c9df787c978b6b5f6d7989836d7176749c8e68af996153667a00458700266893543d4b00001c2249444154789ced5d6963db36d2260d82271c5591258ad449c93a2c59569cb84d9ba36937dd5e6fbbdbffff6b5ecc0c48811449a7dd34a6dc4c3f34d645e2e11ccf0c0680617c96cff2593e8b26ed519c0c07838d94c1751287dd87bea1464a3b1ef42711e35c48f1505a220838b3568bcdb8f3d0b7d71c09374b9305c2772cb3445cd7134c4c76e3de43dfe7834b67b0e5dc73cb50d2c572bcc0deefe287bedd07947017310d28cbf17d4f8880071c2408a441ba1a8e8ec7bdc5f8a16ffa41a4bb99712f353ccb178279fbe57c301cc761a7d3ed7646619c0c768b095a6806992f5afdf0a16ffd53cb786ba748397ec0668b41dcaefa6c389caf7890a9a0cf67834f79ab0f2d8328504377055b7f90ef0e375b16f84a0f5bbcff0f2115bd9d68590a29be1c962954af570adfb8ef72df22b3b597a3bff93e9b203be5a92ccfde26b977c264d3dfee23c14802eb66b2d80df3e619f75b829452c2f5d8e9d74610542e8f369af6c49b656407c2f35dc73ab02dc771253565de64976888252bdb57704d2bfddc2390b129c8feecc9813285172b5b728452469a8600c1a2fe813474fadc23b8d8c5430ce3534877c249ab347f335e78454eea0a4dfc8c8449c0b6d7a9324abf471ada8a1e2751dd3057419546b23073403a568b789c49d2773dedad96e6e62e027cc762cbc79707756e048d6d926ad5f58cfb45a4a47805cbba60ba81ba81374fb19e13fa7eebb1b1fa010d4ca456d39e0be1a03f2aaa56112c2366f90fc830a8387c774b40b2e9a71ccadf2e5b8ec0b00dfdd9ee33e44b96c7f6fda004ac4e4882d16e200eef22c02e9b28b8c626daa21f3d1ed23532d1de821519504f42454e3bba9054691e1c8335b703147b075f986586e8ee9947b0a7d6dcb71175fbfaa106f7916588e37198cae83669d6620af2d6537104d62e75eb367ce42273f2c2685f982aa42a921546f82e9f3ec8d83eb6f4d1e77837a4567124323d11ca336fbd4ab0dca5fc2b49d1f4e7f071a5897ea08c7a8a9e4bec1f606c1f5bb630528bf5e9afa51edb44ca91567e1558fe42fe356ca57a06800fd2f72c31235b4c38b832d73cf9e47aef21566470633f4716b874d309be333bc4c41c588e0d9ebcafbee54ee0b391960f914f333a117cc211a75de9ea210aae491ab02890002e5521f912deeb45195ae4e0ef1897ffb1191a6a8a70007fc5b9782094754f5af84c4e99ceb711036f8d1cbb13e9ae0984c9d78781078ebaeda7fa72c4b38c455ac68ae0af6d2139e2a4b47d2427f6e9a2d5435a24b6f847c21ccb0f18e3adcc8cb87cf9bae522069da00aac5df60e38f4ae5d40dc620bfcd806deb0ec5365f3ed08b19ae21f3226bac15c3a95cef54c6998e519e8ae5d8c63a16d9581359a6466078a7870fd8e90868a59406b8f9a9b105a27aa5be8af3885c18930fd559af12e880a58330339946ba3e31edb07b092b91418f6f04b2733b8297c2a0b93eb71cfe80e279046f966877ec002453b492fbf3f60d5bbf14d5fe3414bf43b0ebc32b7f95499ced0cec0da31dff74c787195b9284421a55cee56fdd4682f35cf0910a1187f2038c1022a324d8158819f7767f86a4c2341628a03de6879ca869b3a75f0808276d308eaace1237ba56881f62d80887c15a2e5b82757b3e98bcc5f751d577a7a18412c0232b9859bd9154988aa0169a2c6b36c6015174a97c4103ea6a043626fa8698d9883afc2a0887ecbbdf94463fc5832845179682b5dd791be1ce85008f41d95ed1a10f015ab37e2bec91118481335b01c1cf58c9409a241c622f0abe19dbd47771e420596d01ae075979f74acffab8cf009a3e1b41d39580e5074a8fc07ae085d8f87f4bbbb330349b2084e63eb234150a9b3807f87e889302decf1d4d9837e8eb98c0dc81be28325620d836f3efd90ffba4065c0b2d04a8097623c6fd39c8403ce0bf33b84a59fce4c23ddeac696bb9a6e2769518601614575c2b47093d15a0ebf0d3ad75ac145d05689356c7df3b4c829de3043c39271503d7395d130f0e8180e5be085f659b473d793804bcfefb8eea1f9c89fecc6469446bf435a885a0906aea2ec1a6c9563f440c6e29f8c931f802950ee0cb0213c881a8431f0366d3427acd0dc643ceab8c26c62674d10488c02509598acd0c34701c07420aa7a5343d59e2d8c83dd20b5d353900e3a59742673a1accdd811e56ca1efa5fc0e2b34b3dc7ca1ebb7024e13d21c3a8ed464bdfc91ebf46b96bd81986861781df1f4b1ac9c2c0e22bbe527d23cb2769567a248ee531965ced0aaf09fc406a042631c14cb15dcdfce87f1a88b26d4eec4c9c53262820013bc8f8a6545f25b1357f93872edaebc124d64531cec4309829d44756b23322ba149d5608aaf0f6c151f372aa6418526562edbe7fe625836bcde783e6318037c8418ed0b99aa8f6a742d7fac75dd4f6b8aa450e0f9ddd52719edff26381091dd33da1e3990c446751ba67503668c569c74caebd785afce66c6f359cf06fc12b976b04def505344be868e800fffde817e0c0113c1accf586481de438d32c6a03ae3acc6e2f76d74346c95eba6e93d7bf2faf5eb275fbdd35f0ca74c55bc28ed99003c487adb41ceeb39689da8dda2f11171cc537f31d62a4f6e94f6bb845a111eb4c5b1b75999a0175f6c07c6f36fcf41ae5e4ac59b279969b6e76a029be62966f047000a3ccfcf6b7b98174090f5179f70dc7f49800ab5b0249523028e4319f488e74666f1553a3d3abad8db81277dcef3cb3390cb9746c7c6f699d4427ba48944e07a84167cb1304b8b84145308bbe153af307b4ce5df45fe81ab2a4a77a6bfec99aa3ad3db482f8e85bca1f182c03a7b697431fcf9813f57a3eeacc0e688351813ee98363c820258984fe1e59d86fb78f0151ce7158ae55f931130abcc9359b6caa43b0b42cac479d7370aacb7869196677c7ba5d46b08cda8aadc339cdd2153700a17c2d20edd49a3b31ea816d0f39c158720b1a1f0b44deb772e0da5bbb40fda2689ead70aac33c338d8acc3d7f4e9f64a005a9aefeeb1e29550df40c729183455b05602363310c511c020a81840d38042d9c8dcd69d5b30327e50609de7a608a1bda1abbe00f9e3a1787c519c3452b90e10ffa0c1f317a0583e9ac6d10050685e1ac885faa7115bf94fb2b6f18d02eb4aaf29230636cd652432a066267cd49184bf82e5fba0d9aa25521b989783650612c93dd65028755bd885565219dede2a2b3c7f674c0ba9b558a3728dc0c3f9bc3feeb6c37e0956aa6a087ad95caf05b68705df6337920d774bf526a4a1dd591153d084d4659d3f39cc7b65ef63f030ba96835da63c5b4750109c791d8a26571fe051623652a55852a004a5b08a83a39a0cd8f0550ad68f38dcbc58d4ddd0b68ee247fe63182f416bed86cef5405580d2575ed3a70d03c0b0383c2217385bf1ec5c8175f9dc0883e38f502356d7abbf047a7628ac6685fe8609a4b458d03b8e4ff9e162501c94600534eb7506d6d707a295fb0c164d47ac162df2ec50f70a6aeef8e1a48dd3e7f0affab5965416bc2ec30a0ac3cf539f75f94db134a8a485688d4b7f2013740740e345238b0fa0f434f75ec6b132a19a56523e54cf38705260a5c5704842d391bbfacb40a00979535d3c24fa3807b3aad52c01f587b01c2b9896f82603eb0a7a6c4a3fc7d1cbd75f87a5f33f76034ba6507043f7dea9e40d38060884ed0af70ce5faf34cb1247728142932c1f9a276ad6a79c0e450db1b588d87fb6ac1b4c2ae9cfa9010bfdf57e8040f8d775707b09e1f9afe0a624149da482aa044c15900e8e6721bd8990b33773698985917a6b07a59e56d2072fd78d0accb1f0c63598196aa97d6192296bdf6e95d354af019822f0deb1e37d6e62b1c1639e53707ff7ef64a6b543efaa50ba3a40d50179c87457d6f5c3c04b2ed9554797342c4fab87aa30446f5ef03566757ef888f940afaedfe7d17434fdab83e1108f2387d1ed55821667683125aaec6df3b243b2ae1c91ab28e8428415daec0d4ed58e24191291157d573eb622115032ae93dc4d2d7e71a58c0e137951fc73acc51aaad092a3ae85ed0b0cec90e57b329d735f13c00da503d3c88a5bacb42a755ed9610faeafa866a2619670d04cd1170c498582cab0314cd240495860334f2958ed5d9d5b33aea8946bda8f15ad03ade6ea0d3026d471f5173ef980b6d2a350f86f4ec2a07d6e573a3a44c937d0128705df0c5660a482f9d8705a728c0b2a091b1ce6561fcaaf6ff5055797e9907eba551ab8ac0a46eaa2b5be8b4a07db5614d22b67211d57a408a10572a021ae9bfcff222c9430d3dc0d6c9ea08401dbe50be158d9ab78059616c2daa61594848cbcb0820e085df5d15c0023b1c55334fdfd07abf8f05677b616154b33c3c5465705deaa4da28d016aa6d0aba445f5c16c03afb77ed6f623f6025c795866f50bcd49bc81f5ea0368aeeb45ab19050c795568ae5df5745ac301e569b2e7ea946999160b94d9bc7472fdaa340fdd70606deffc9f91158976f8c1a1f8e7636ae7693486664b6dd2c0e0fe93f3890b21986f4c6c14ad755c34642fbc391154ab40cd5c6542a60dabd6a9f86640598186b52ab962404d8c0565351c6c4b1362d3e72ef20e75f18356e099f40351b71e111808b089ad47cc4154d1e54c771661497ec6a82367aecde41de1a35aa8511b8aae6257d1524db905c040d9a988688738f4fc26a5d4549ddb438d4e74ab13abb7a6254e73cc8edaa67de30a88cd348dd1081341a6b6d8b4a1a85f5e42a2cb155f0f9b17b47a7f58d51cdb5108d6a228c6b65c18f8a06d5e12141c3dc625b0d16b0ed8a2c9b32ec52a840b5be926f4e2b60ae356e7abbd330560af4a9a5c27485e0edaeca1d35960f2a144ba956af427bc07e8b4da53a583da2f8b4d54833049e2dba85caba2661593ac1ac163155299652adeb724420c6d6243c30099439d486c8384d56cbd100412c4ba124effee2eabc522020566825a40d350540e42bac595dde1f0a56e9dc6a808bc6bea813583f50ae3f98d0fc73c0a2898727b5f21a3e3228235b8f18ac32f7ef4126f2ecdb6a2384d5162fe02a65d1233841330ceecbfdc8c1972426b440b758f43bf2f1b890a7642f53c863bad59565d640079f5187ead905a461c7c152604cafa40d39fa5036950dc1a1534d1de06d5836db24ea0024f93e52ba2b7b9bba2adfdd8795caa769e55c4ea0bc771f29e5655b273d9c64f7535d35c66265b19cee2075375e96678579b4d010978534100b5ad5a50eac63654fb221829a7e4f220d3a542c4ad072f97b8d100df1255e699d7f1a5856a89eb2c88af08dea95642a53aeb96f78c8058321e7feacac8c55a25a1811694bae4cd017d5a8333c21c8b39b54a231d21bab2bfe758b5567b5f0e983a03a53598fd1157a48448da99e3944db8707c89b54fc835c041a956b7c2df2309d3ba8ed707ffa0087a52c113f3fd2014f7954856054c1c9f226f5b3812540e4a9a13c78e35a6702a768fea2e0b02e2f332a7a598051b9ad585f386cd43e20a4331082f943015326bbb4ce5d3d2f58a8d12bac5ee71cd6e5f9d5cb375f3c7906f2e4c7173f49c0726eeb6bfc4e9cad8ec21a7bcd94346eb301f3038dda246a28eeadd160ab5a3663a1b0ca39f7cbab6fbe28fceeeb1fae74b8ae9ee3abd92a59bc644d87375a9f9db6fd3645c27497b09abe451c99a2a56ae5e0bb1c123f3dc3173bc9ae3f5dccaf5507da1b5dbbae7ea4cba9863fb0aeba0e2d4bbfb5e688ada677aaa6244c7d9be46c8fed57071c2e5fc1c484d1dd450ccefd804d69c40203febb9f34f5c3e90b09a89f6ded56d9a29bb6aab49a355f6160b9012be935b3ac18018c166cf8a89a5ade1eb0ba4277d45dda5a15c772d5c268adddfbec1c0984d1860d8271e5654d77056dd095768e3547a66917544d6f192e2998fbaea3488f8e15a57e76d1fd387442c5bbb3cb225ac64458e9b2802a41ffbe761a367bafbaa0ee69a3c1350fedbbb59a4ad7b142e35a1db432db3cd8f471e978efd5315afd3b2006751db89065030b73b6c737fc9012f2fb7bcbc86cd22c4dc70a2aa1edc35ed4a6f7f3a18a487bdabed31904f92dfaa59acb51f75cf3fc3b122cd49cba1e4f6d35db3b5d559010685839bfdcfe7c88aa84964e32105c92d22d1152c8715f4a5fdb77be29029c00694ddd32a76c2bdfaf343a70f913bca2ef9f2fde3fbdd54ec1a255775f685e5ef12d2956dd1205b81ad46e1bc5df4106e92299ba5eebb4a9ec8bdc3a0afcba1645adef6e9fdefe4bf3f55422fc46e75b3fa8abd6ada2835c0896b3388d5b9e992d92a9e92d5373cfc6d739ac404b7a7a9ae4fffaf4e9d3eff59f41ae91eb483a7f8bc5c0ba6b61810d585693e6ee95e09613f08fba01d00648f94203bc928b694262f5f4f63b7d6b15cced72bd6e971053ebb4986a58e81d9ac5b240a0488ae4a16ea5969aa0d0078d353d9d6f80154ad1ed909cddb32293af5c8b873f03b90ee442b414ad5912a60d6db50b0e4d3cc1e3abc3b071924bfb8acc047e41b07ef5cdc3324fda59f86df62d2a9bd62d40a392102eecdb3d1c28950243a355dc756320433c7878e8dd3e9033df8a3c2b02b06effcf957fa4655172f1596b2005d045edf611b8550854245893aaa4a900a369c12ccaa03ab535d372c99b73dd0ad31e38f7b7dbdbdfbfe3ef41b35ce7e7dbdbef95e7a28425ed66bec44e91a476e13a8640c8859c065aa18c87d99dd5efae425b89fe40033fc79a8bca91fcdfa44edddefe6786d441fe0b30a32f6112ae566e5ebec2cbd56f1982fbabc0f36bd22c9826b0a69eeb870a55084dea105ae758c3a29221dadfbf66ef6fa35f6fbfffeff74ffff31d5a23218c45740dab5e1d1d4dad1d37546a5257f741c09ba291d5aef3cecee440b6454d0cd4f20160dd9a3effed7b71fbcbaf4f2df7bfbf67e4941ad95f6636a89f015526d8449add5013051c2eae93ab59a189a808643e2f245a5708829af9f3de4bb47e71c4efbf7c6fde46960566480aa48a2c2f2fcfceb1eb81762cab1160efd83edfd8439e76e9164c9d63d5728436e167b53042bd3ebf24cd4aa3a1fbdbd3f7f0bf28b2242d904cfe77e5e0d546c92f2fafdee03f74acfc127b44c582353fcd9aaad005e750319b3e9a2476d6e361a45512688df7bbb7dfa2cfca78964fc7fb7aefbfa3ada7d3baa92ab29c9d63bda177a363b511476859b874157c68d0ac82b22e907ea06a1d79ad60341ad301044a687336e30dcde7e43fecfeebf67ddecc882bf55ed2a163a6fe28dc51d72b161c03c8e8f1d014f36180f810418c50b5f21bd9394ed059dc6d73bd6eb6de3295af774ab07ecf7f5fe74a639ec3c6b2e39e596817c18fc3c544934f1f45d59ac2bf74cd7056136fd1e362ded13321b13fcca9173606f17fce67017a134c5fdf80d215c2f3ee8685d8884e3d099aad58aaa51877751d6a052aef7a1cb038096c639d3f13fa8041a17e9077dada984733bda8e14ee2e4fa62be1de7665a696702481c8326751a1d4bdf4b439776fb9221ce1c016caae05cf8245d16dfbe3b3eab5c89e3dd655e7a6ee77ec19d1ae1751c76da467248b1ac003cdb26db11bbc1020f1e4390eee3c5a06b8b79c99a5f97659e6bb8e5815700cc727d61ef37693d6a98df2ed7f14c6f62f4ef04e74c4b47519dda9072f1462dba2f112cf4e251557aa59885a368802d366e9087cc6b1da65ee2cdd264019c8a22a52502d69acc932c5b4966798ee02caf99e9af8bdb52d2ac0804de66eef69713a0cde4e3753f02ca26534697adc24e817c7bc15cdfa362341e0e369bcd60380ef5a6aa4114146cd89a1917011c9292e4aa1c38bb817bb635753f574db07c8945737d2597251cd373ed49688c8f26ad2ddf9ed47be278a11d4e4adf31715bf8be301dabbbd7dec3dd007bf03c4483dab92b056b72b0babcb8817eb0ec18e11f83b2564a47b0eda0bc48d74e16fed1bec24e04078cfa2b685fb6f4c98e16ae0e80ca7be3bd3b09e4beb42c6ea7b789788931971ea6b3c083418f04cf28da25baed75c69b69c4cac2646474e1141a6f5b6817a04d5071b99dddb04db32a243e1c3fb5cd7153cf8353c4a12037ef94ce01b99ef4eadc9ced57fb9b286081f04a56a08070636024ae078725eacf830e0ba3e3b71ab400a556f0d44c7ab2c54d06bcc528000b99384ef59499e548a95e3205f97167299075f9b9dfa76bc221c3cd2c26970a40444fb95d28a08878e3c9310db964aef5fb6e5762154a8f24926177b434a46bd77f848e06a40de79b1f0953e90225a4cd540bab90b8b177fc85a4ae327f938376eab7752f0a20c36029be3f3736b61fccf329215a3e6e82ca9b9c401705f799a623e1c2dc248c75e398ae84c99918e30bdfd92e9dfa5a7a1eab990c7c0c0ab1eea47d079c2387d5ee70e5e9838efecf0a9eca1720d38973e75458d212c7dc64a3dd26117677e7dd789559610e284762638491278c7edbb682a3859e5c5dcc3cc1e37ef1e433328c02dd72a711300b7bdab1a706134323d9b256bd7a391e8f5601566a1677c61f3217e0edc202734a324774065493d6537c90601ca4e539617e8a0f66ccbabbd6ccf8a32d3320014db6c39b2ab4e0b00a81b974c865145d1ab171b700be90d72cb2413c76d46ae41474bdd0e1be543d1e15cb0951282c66cc7137271eef56e3c294bf8b9ff725eb122bc7dbc87cc7bf937423182732e231362a74ae5a74324d974e13697aada14cf0312bddea4605ce2e703e164b7e9e11b97933f4ace9d4f14cbf9f808e40f5e0cb80496ee63a3786c596923914b1427c3a84d52905c283d0cef7ea38a2d511076d25584cf6fbc51df2830ba3db352ebc208efb1387015b584a3b1c72e8b91a1695144ebd45bb1bb5002bd6bcceb50f13620de44e8cfe516f828f45661eaaddf6252bc07ff87de386b175e289e1e04bac8c8a44da61d28593d256d747ad33ad3d96bc68b1186f627fd18709a14527e518092fea04a1a7e6c12431e85d005abcbbf02cceee1c7fde1e61ff92bb18ddf93616c29c23acd4a161748a0f3b5dac60750a004247ae1bdd9bb2e2cc242dd958ee72898664dcb833a3dd5dfb5b63ba221d84d4a875bd3e0e99bedaaf758e58d9a76a83241d8c6bae49a95a61be81d03ad439d1419bbcb310e67665ec25645f069c498a1f74faae691d6fce620513aa3a6f21a94a0f503c5dc1154992fbd038f23359e5e22e8c957db73622492e36e30e74125a6e29c9f7d55457475de314394341280e2ac7656cd8bdc98dcc927a6d98a416e3f166b16a5966e919226a1194615c333c61d93d3d2e5a227404a11f51e9b2bd3c5afb5514afb5ddfae0c985f0dcaac296985133510f4dd0f4d62797e394cb105d95957637847b7e4f65c6bab774231ce59f921642cfa60f36ba8f2da30823be17a9ceb2f1fa3eb8eab114ae6a14ed4e90d03aecd45d7b4ea6688a325751c612afd83dbd7b95e20451da537b41d4ad353b9dbae8074942552b37a3d8e182b7fe827af9f62a0d7a8989acc3b14f6182f0cf496f4bf98ee767bdd68335bbe700cc2252dc99a74a14df5007b9989dc69cd79f94b149b94ae6712443ba98b1e3ccb8541c2ff0fb5937ed580589f4b8e44728e901db2d6f9705facea0a47d262f96e30b7bbd3b68d070468d0f0edb36eb288f8f2adda54a783c7ba9f55cc79ba5c544cb778bbd1f12264f7031d98d0fadff9db947f52c2b9835b56ffb2349386184881b44177a106bc7d7f3e5dab539e78110220802c6c46cdbc78c2793de7065ab8a4e1035b713f9a3493c51198fe5b19bcd518ed2ee84612c25ec1c59587bb84d3b1f247f7854d4aa5ac2a5eda55e9b47fde483129578b7b75be9ea31b6fe0768552aed9d9fce165abe60b3c5755dfc1f25f3151369b7bbd362d347c9166a64bc651929b5fc566047d23f25f1e8a066bd4e381ecc97331688acff439aee7ad0cc755e7faff4ae27b6361b6db932f28980333b10ae27dd3b7a7a5f6b3a723c36bb786499cd9f905e3275b938ca12ada302962539299b0cfeb94829190da047b9ba7065b948b52e1e39a7fa70698f378bbd605cb43cdf77417cd7f7a1bd9bb3d97297fce335ea587aa3f170b3eb2f9620d3fe7c739d848f389df92c9fe5b3fc05f97f21410a2485f9a52f0000000049454e44ae426082);

-- --------------------------------------------------------

--
-- Estructura de tabla para la tabla `liga`
--

CREATE TABLE `liga` (
  `id` int(11) NOT NULL,
  `nombre` varchar(255) COLLATE utf8mb4_unicode_ci NOT NULL,
  `fecha_inicio` datetime NOT NULL,
  `fecha_fin` datetime DEFAULT NULL
) ENGINE=InnoDB DEFAULT CHARSET=utf8mb4 COLLATE=utf8mb4_unicode_ci;

--
-- Volcado de datos para la tabla `liga`
--

INSERT INTO `liga` (`id`, `nombre`, `fecha_inicio`, `fecha_fin`) VALUES
(1, 'La VereChampions', '2022-02-19 00:00:00', '2022-06-04 15:00:00'),
(4, 'La vere prueba', '2022-06-05 00:00:00', NULL);

-- --------------------------------------------------------

--
-- Estructura de tabla para la tabla `liga_equipo`
--

CREATE TABLE `liga_equipo` (
  `liga_id` int(11) NOT NULL,
  `equipo_id` int(11) NOT NULL
) ENGINE=InnoDB DEFAULT CHARSET=utf8mb4 COLLATE=utf8mb4_unicode_ci;

--
-- Volcado de datos para la tabla `liga_equipo`
--

INSERT INTO `liga_equipo` (`liga_id`, `equipo_id`) VALUES
(1, 1),
(1, 2),
(1, 3),
(1, 4),
(1, 5),
(1, 9),
(4, 1);

-- --------------------------------------------------------

--
-- Estructura de tabla para la tabla `partido`
--

CREATE TABLE `partido` (
  `id` int(11) NOT NULL,
  `local_id` int(11) DEFAULT NULL,
  `visitante_id` int(11) DEFAULT NULL,
  `vigilante_id` int(11) DEFAULT NULL,
  `campo_id` int(11) DEFAULT NULL,
  `fecha` datetime DEFAULT NULL,
  `liga_id` int(11) DEFAULT NULL,
  `puntos_local` varchar(255) COLLATE utf8mb4_unicode_ci DEFAULT NULL,
  `puntos_visitante` varchar(255) COLLATE utf8mb4_unicode_ci DEFAULT NULL
) ENGINE=InnoDB DEFAULT CHARSET=utf8mb4 COLLATE=utf8mb4_unicode_ci;

--
-- Volcado de datos para la tabla `partido`
--

INSERT INTO `partido` (`id`, `local_id`, `visitante_id`, `vigilante_id`, `campo_id`, `fecha`, `liga_id`, `puntos_local`, `puntos_visitante`) VALUES
(57, 1, 9, 3, 4, '2022-02-26 15:00:00', 1, NULL, NULL),
(58, 2, 5, 11, 4, '2022-03-05 15:00:00', 1, NULL, NULL),
(59, 3, 4, 10, 4, '2022-03-12 15:00:00', 1, NULL, NULL),
(60, 9, 4, 11, 4, '2022-03-19 15:00:00', 1, NULL, NULL),
(61, 5, 3, 10, 4, '2022-03-26 15:00:00', 1, NULL, NULL),
(62, 1, 2, 3, 4, '2022-04-02 15:00:00', 1, NULL, NULL),
(63, 2, 9, 11, 4, '2022-04-09 15:00:00', 1, NULL, NULL),
(64, 3, 1, 3, 4, '2022-04-16 15:00:00', 1, NULL, NULL),
(65, 4, 5, 11, 4, '2022-04-23 15:00:00', 1, NULL, NULL),
(66, 9, 5, 10, 4, '2022-04-30 15:00:00', 1, NULL, NULL),
(67, 1, 4, 10, 4, '2022-05-07 15:00:00', 1, NULL, NULL),
(68, 2, 3, 11, 4, '2022-05-14 15:00:00', 1, NULL, NULL),
(69, 3, 9, 11, 4, '2022-05-21 15:00:00', 1, NULL, NULL),
(70, 4, 2, 11, 4, '2022-05-28 15:00:00', 1, NULL, NULL),
(71, 5, 1, 11, 4, '2022-06-04 15:00:00', 1, NULL, NULL);

-- --------------------------------------------------------

--
-- Estructura de tabla para la tabla `reserva`
--

CREATE TABLE `reserva` (
  `id` int(11) NOT NULL,
  `equipo_id` int(11) DEFAULT NULL,
  `vigilante_id` int(11) DEFAULT NULL,
  `campo_id` int(11) DEFAULT NULL,
  `fecha` datetime NOT NULL
) ENGINE=InnoDB DEFAULT CHARSET=utf8mb4 COLLATE=utf8mb4_unicode_ci;

--
-- Volcado de datos para la tabla `reserva`
--

INSERT INTO `reserva` (`id`, `equipo_id`, `vigilante_id`, `campo_id`, `fecha`) VALUES
(49, 1, 3, 4, '2022-02-25 12:00:00');

-- --------------------------------------------------------

--
-- Estructura de tabla para la tabla `usuario`
--

CREATE TABLE `usuario` (
  `id` int(11) NOT NULL,
  `email` varchar(180) COLLATE utf8mb4_unicode_ci NOT NULL,
  `roles` longtext COLLATE utf8mb4_unicode_ci NOT NULL COMMENT '(DC2Type:json)',
  `password` varchar(255) COLLATE utf8mb4_unicode_ci NOT NULL,
  `nombre` varchar(255) COLLATE utf8mb4_unicode_ci NOT NULL,
  `photo` longblob DEFAULT NULL,
  `equipo_id` int(11) DEFAULT NULL,
  `ext` varchar(255) COLLATE utf8mb4_unicode_ci DEFAULT NULL
) ENGINE=InnoDB DEFAULT CHARSET=utf8mb4 COLLATE=utf8mb4_unicode_ci;

--
-- Volcado de datos para la tabla `usuario`
--

INSERT INTO `usuario` (`id`, `email`, `roles`, `password`, `nombre`, `photo`, `equipo_id`, `ext`) VALUES
(2, '123@gmail.com', '[\"ROLE_CAPITAN\"]', '$2y$13$4EHMneiB.zG3w/O6HiI2P.DHqPETwqxhd9GPWk9fzIWlV8qOnur8u', '123', NULL, 9, NULL),
(3, 'root@gmail.com', '[\"ROLE_PROFESOR\"]', '$2y$13$VmwmjpvvJbW3/N1403ds.u8cHMD.8So2JEkD5xjxXcwNhk3UeqG7G', 'root', NULL, NULL, NULL),
(4, 'pedro@gmail.com', '[\"ROLE_CAPITAN\"]', '$2y$13$P2UhA9aTFHr0Gr3Y8KeesewMR.y6fJt38PPGR7REguT9vhUZP7.ji', 'Pedro', NULL, 1, NULL),
(5, 'javier@gmail.com', '[\"ROLE_JUGADOR\"]', '$2y$13$CQje1RPCRl/IcuORS.g40uVnW3aNt2X2Dx3tEBT0QX5B0YyZB/pSC', 'Javie', NULL, 1, NULL),
(6, 'messi@gmail.com', '[\"ROLE_CAPITAN\"]', '$2y$13$dYQ7mAS5iSmGx43hU8gu.eo/AH9HOS/lCf4zXDdyzqbY7OiufCQdi', 'Messi', NULL, 2, NULL),
(7, 'rajoy@gmail.com', '[\"ROLE_CAPITAN\"]', '$2y$13$S63TvQo1LGlgDD7r3erFheAsXt1Gax/6lPXpxDBTh/djUV.IYbiMO', 'Rajoy', NULL, 3, NULL),
(8, 'sanchez@gmail.com', '[\"ROLE_CAPITAN\"]', '$2y$13$fZI8sJOVy/l3cCSLczc0OuoTcKU2OnZ3LNu3HAdZOfDI3L84Y/kLe', 'sanchez', NULL, 4, NULL),
(9, 'alex@gmail.com', '[\"ROLE_CAPITAN\"]', '$2y$13$x23bhpsBA2LR0OjwnDZ22.4K1RbOK4g9au2u1PgjhFaEWzhyBvi6y', 'Alex', NULL, 5, NULL),
(10, 'mandanga@gmail.com', '[\"ROLE_PROFESOR\"]', '$2y$13$uYS8jCs8ABDRfYs1gvw0penc2ivkywpR/L5udiw6ELS63mJIbbWa.', 'Mandanga', NULL, NULL, NULL),
(11, 'perico@gmail.com', '[\"ROLE_PROFESOR\"]', '$2y$13$0I8viDTAJAxBD5uvzPjlB.np9paQqnHtDTUKz/f9retSBn8lUdN1C', 'perico', NULL, NULL, NULL),
(14, 'prueba@gmail.com', '[\"ROLE_JUGADOR\"]', '$2y$13$bRD8MHA98ROdZZw6FqdrHeXgrUIl1f8P9IHI7B5rGlfhXvuSov0xi', 'Prueba', 0x89504e470d0a1a0a0000000d494844520000039800000200040300000015a4de1400000015504c5445e6e6e6ffffff000000363636bcbcbc8f8f8f626262dd324906000020004944415478daec9dcb76db3812400dce9c5e83e0636d53b6d6319dce3ae224bd8e944ed66d763bffff09e324765a000a12812a9010519c59749de3948abc241ef5405d953f2f79f5f362f192457e120c934586c922c30c1445e9bc18e64589cfd77f3f7efdfba1ef7e5d0fef9efe140cf3e244f9f1efce75bdfb4194615e80f8fc5f27406a401966e27723bff6ddb46bf324d63685aee96e9ebfc9a9245f78fec930135df1c8cf9dfff5bb6098e989f5d8855ddb1dc34c4b0c46f9825332cc54448941f9829361a6b117f9dce1afe7b9731daff6d5bf9eaf0b147feb68aebf2ef3f68fc48b8759f71dd5b5d931cc45c5ff7594d7db97c18a612e20127e96dac7c930e71645f947477fbd3d8e9d31cc994481de8f3876294232cc99c5b2e9625dfb9261ce2a12af7ccca19661ce278af2d0c5bcee18e66ca2907d17f7da0a8639935877f1af1dc39c456cba39ae3dc39c416cbb79ae4786195df463f9f0ede9cbc70f3fae2f5fbe3d78d2649871c56ab267eee9c3eb3f97cffffb955bf27172c657f7a6bc30981796b2f59f892077bffe39a4aa9e08f40d07a7e38993586efe9990a3353125f30dc38c967f3781e5efbbc97999f5840c857b8619493c3b5f7ecf839593358b2979b6f70c338a786e1dbbf9e45d71f0bc69edcfef501826b97886e5e6fdcb9ffb6a3e17e17e6498e4e269bfcf668ff8a1335fe79e61128bf2e4f3fe07f943a7036a42324c52f1d4c77327d0ebe493690b1bc13029c5f18c4b1cef8e38957ebb2d19269d389c0d3da27fe8e4c77957324c2251a85379e8543f244e7d9cd792619288a23d91e72a297fe8c42ee551324c0251d427463fda5b38955bb4639804a27b21fb578475897314d8945c0586178733ab58dadf154ee7c42d07a7a345a337bb38d9adee89f35e324c9c58bbab0822fdaebbee61cf307162ef5efac4fa5de7326853324c8c389cd8c4c7fb5dd7cfde4a86192eb6a7d6220bbc448f9261868af2e4ba32aa19852380c2300345c7dc753d4b06e4e01cdf1966c842a45a74bf37b8f6270c3340ac1d2ce7326370b8f51866406df4e82a9d9ccb8c031cdb6498fe9e980a7e94739a313a536919a69728e16dfbac66c045bdfc657a3bbc0feee7389b1970f4ed8e61fa89b0bb603fbb198d232f3a4d98a9c6e89cfe9799ad025faa54f3bb12850939606e16b14ab9328218e644b1063798cb5835b882610c739208ed09368b59052c69b792614e14c12da658cc2ae9c83a609853c4d2b1825ccaaa165e0331cc29b99505142959d02a68dabc960c738a583bbc78cb5905cde13b8639411483e3f0b305adaaa1141286795e6c9cbeede5ac8296647b86795614a3d319baa45507c7d0cf304f89ad3b4cb1a491d2e9a26598eea2d71e70c9a63093b78e781cc3748b1594ac9ac48669704ce50cd3b90900b31b933012186853746b27149453e0cc9486912d1cc7e1e0b4ab2e004ac64b260c7c00039b0cd3d14448c1235922464af0d364988e1476fb69a504137ad718a64b548e8d792a46da3edae74f93618262b97c06d719b1013e4d8609962c2b30f0955402e8607f9a0c13847901e9c6f61a8861826205af7e9282698f1ef70c137a4ebde5fb4cefcbb47dc79b9261daa2e56079bc4a10266026c3b4d716e6b2ff4e2609d38a6c6e19e6f955fffe2a4998760ac99e611aa2b5e8bf9589c2b42d65988628815324d384699b2a5281994a3c5341db92c44285afebd622d53aa2549ed325c47d5f450996f831cc5711fc30538569a5dcdf30cc23d1721850692e1d174eb3f9696e24c3fc576c61471e5273f9bdf5e99797ebe9eb8fff0b0acd9653ef9161fe12ad8d388566470fbeefeddfd0360b601fc530e1c4b76b8a35e7d753cda6b0308b2453085380698d5a02aff98f93ddbd3ebdfe75e80f493be380614a2890798d4e613fdb1573b3c39d18627d9a0cf3456cad310ba9f930a19df45bdced4b6b09c43025b0fcc1d6239ceb6e4ad2adc8f4d0de498609cd3fb8de3e67bb191f873b103f542758aa9680098a72997fa6afa939d422b653039ce392374cd3fbb3c7689e345dd294f13670fa48de305bc2f3923c59fea219e4821c23f464c58bcb46e10aa0e83154b32fcbd736a741b750414d4f320f4e13560a0d5d174633e8160478d665d6302bba4aa110963fbb3184c134566ef70cf300b9d88354555dd8751d9a0628ad74c2dc61822ef6903caba60bbdee254d129ac81da6a24a5bacbbf06b5f92a487dee40e73244a282e4704ccd00a25d37a9937cc1a76a378ab1203866570430495547ae8c230cd513670b873f6669c3e6d86fd6e698fb319c3ecc10c039a8e36afd7c3d3970f1fde5f7df8f0e5db83f38f76612f51612576e50bd35841ec43e72ea7e7e7dd7bf19210f4eaf5fa0807c8b661b7d0a4541fb32c4c6394dd866e111c83ecf613f0c765597f86fef8266cae1ecd71365f98bdf128c25495304ad7c829ca7a740cb4feb7a0cc71365b98b5b9e90e73ab157092cf8997a8fc8daa99a34ca8bbe6b230951976085255c3d99427ff6d294768451b30b80c24830b0dcc45e399bd594f1e14573c809fe5997f2bec70d926e869b4868e5c83d3d2da6486a86a6117c0d97f6bd3bc094aca32a68a5c612a6b391992f4338207614eb9f581e4fc709540f7b904608ed66a32409515f87a139e30145416d1d8fed91c61da095101195cbd23e32ee8ab0eb923c382324f988aa2eebd824f8b98a84a1294129af79127ccc1768efa67c3f756468fd74ab82628f2ad817c83ec605274fbaa4c0fabaf1915befcde70e96509b32538c4c0cc5d15fe661cf0076328ab8a3a3b980ad815f8aa6a800ee39e6648fc91353570904c66307b205fc45395e1fcf99986ec6b55855e5483e36c56306b821329a4e98e23d8ee3e06dc91b292473283098db2be2b0f650fb20156d5962fd0f78e6a60739215cc03be844a40b51e015615d84ee5fa06e94e660793a0b8b1a272bd98b678c354f6a4b9d4835d229ed902d38cafaa03d181ee46743b20ac5adb6743e7149c56e057e5a54a5ffe600e742fd1c78913a4135d30cc5ebffb10558aa25e0450751ba04a59fbac9c601ae352802a6dd581cca42ab11f796bb991328269ac5dd039b7f748ab14b65589951f9f11ccc2085b61572dd86e7912aa3cf151359841ee8c601a5366084cda3e9603b2e44599dbe67c604a738af157d598d1129c550d5046e4a5ca743ce403b332177ffeaa9419a8405a3502e90a3eaa46740aeea5c22ccc6d99b72a6d2dbb27b04a01e3ac8f2a654c9af9c0eccd22746f55b5951187b50ae8efe5a3aa3126cd6c604afcae4c59610aac5583ed1b0cdf398b7c6056d646c05795160f162456b57614c74bd5419f34b381a9d09eccd2ce87435b852ca4567807e545c21cade7e6abaab24ec6a27dc56efc55d5669ae0fc309708bb097cf4af20ee9b61ee5c43d289f4bbca2538dde2b3b07a7b53883652205fb101ea77bb7a980a9d312301770d1e66616e5d11594d3799c0d433048272d95494c3d15b5caf364975c6f445c1c4679916c71e0332238539fa7baa22ef807501306b20a7ce53557ffc09d1c11c8c972cfc157bdddcac1e2630652206b43da191ca18fe1183ffeb54be7698059097e7a7aa8ad4b7491abb574f55357dd7c8d461ea19c3324495a26b4fa489c7a65d5fe18a14b779c0c497a61eb4619a10a6d24331beaa8618cd799386d9e08bc6c97a4d9962ab8f19beaa947dbcf4ca612ab3bd90b7aa1af7c827be267b7f55cdc23dd06787a99f4f16a44ae9c334a591236e00b7cfa15939cc1e7d6a8ed287694a23959658e4ad6ab462a22b87893ecfea38304ddd86bdd25e346f550a7b3c025e9c35ecd66073c7b5c18cdc485c9e7dd511a799251e9cd65ede5d882a690c6594460a5c1e4fbd689b938561ca1055ad11cb248579409533898e389b377198a3e6320851a56256422a541e8f16dddbae1f26fedce422668d727bbcb7f057a5cc7dd7aa61d6d81a656dfd2fc88d94b8a4ac76c90644b3c36cf127ec13754e8545812cce371b6aae1aa6421e05a1c1dc46807940c1144b76939a1ba6e6ccbb0b82d9981e335a2315ea0c146d05f4ddd7b86a983dba3f4f45d3d3d825565676b5972ab5606bb0d961e20f2250666a06ad918d1d9ff3515519cbd935c36c8cd55e80aa02db5aefb428acc346bd54d50bf6799b1b26c18b7b20e9363e05e69d5c64e8b91898caf09004a8ea23c33c68739e37cc71b9a67d33c3d416b3d76130ad9c2962230b2b74eea5aa20e86e160a73e678668f6f31844da0f6884986a8527a7c7acdc16933e3c95f55834ca03e2b56b8acf4568f4faf18a63423f1feaadad8306bab2ecf4f957eb4c18a61b67898cadad4531b892b31304e2d59314ce5dd18f114cc7d6c98372130b5e56c2e306fc25415c83a95f3628f8359e402f3808679bcb991b18dbc0d51a58f3e2b86d99be9fbfe300fd1611666f9b39faa76b9aec5f3c2b45a99f8c31c2d074dbcb920a8924b5fb1af17a6c4e7081fc5d0b6d16106557289e55a50cf0ab3c5f75814f13b55564898a3dd05698d3055409b6f37ccdb48305b24cc61b17ee28bc1bc41c3bc8e64738d2c985579c01cac031cfc55c5efee2c4de7aca7aa0a6850b6429823beb0b89ea15537d2c8065db38811e78a676aebbc4055b57da21979d0d56c39ecab0ad988e13282d3f64983feaa1a5c8f03864925d6461a2212e6632c98bd1197f155d5db0775ad0f664b707cf3bc30c34e7f1fbaf8462e0e536b45728586b98f057344c2545dfc893d2998377898b146b0235f3ec3748a05c1c1ea73c01c90302beb0099f5c1d48a6af67898d16cc6c2ac8143845707b3b7b699a87da648f5cb2c813ef7ab83091ccd8581196d0b5710c2ec3280b94919a6c2c2ecd70fb3ee7035393f447909300f763f80b5c16c806882bfaa4b8059580185d5c1ac3a5c1deb0230c3dc79da46f37e9d30d5e5c17cc4c3bc9911e68cf14c45d1264820cfaa9d222a6cd0b5c2b687483f380dcc24a9c3dc85a96a6c27f4da600e4064287198029d0ef1ba6e5f1bcc91a223e1bc30f146be268eac0d669f25cccd3a616a77b86e983db673dd25c1dc260db340c31c7382799734cc010df360c5875606b3d6d6ebab86a985e1776b84d974144d2fc5f169b5916c3ea061aace4cd75c19ccf662608ea430efd70853bfc16055f671b009c2acb01dd22f09e663b0aa7a06983d1a669b13ccf0dec20db2c3df1411df03b3c909e62e5855352bcc40dfec556d79da677bceb3c433b582e270556a86f2046ce1909ed2751df9c12e119cd636d2e1aa8af855605609280ee62dc3748963fcccffc63cd81b07f36e8d30471298339471b466fc0a0773bb4698bd96e61da8aa9e0166657ac90354f5664efbca60ea2f6ba0aa390aac144143d3316a8faba460de05ab1a6628b052040d4d0ff9c0bc0d56d55bcb44729b4561266b07a81af281791daa4a3b7c2f52b59cb6ecee18262852c0d47adc6c23c1ec097a60aa75c334d6a161aab4868d914a1fffcfdeb934b98de300d8d266e74cea756ed36ddfed9dcc79eddae41c7baae63c7692f9ff3f61dbcf082025510424d3147d4815ab2504d227be001000270f5dcb26666ac88aad61c03c8cd13301ccf3a44984b90d0f66c901b3be7dfb2607d2597ef94e2e9b18617637ebdd520ca63350960e731f1ecc8a0166412dd7e8f0d5ec5f08e6687eb60a86c538892ac1e267409deb19d79c44e538a22b2ce73407cc1c2c7ec6813927c35c8707137dab4ea2b2d1609e8830ab08d34798ef11a6decc5e14e6920c731e36cc3d19e6c2739865841961469883c25c459843c35411a62f30b7c1c32c224c1f61bacd999f224c7f606e883063cf8c3023cc21602aa205280eb33d0ced678fef3830df5ea8678ee6cf4451314ea22aaa9bd1c19ff9e6244ae060edb09cd32890c2495409ccbbe3c09c3b892a22cc1e9106eb41751611e6e030c91dc6610888305f1d66451d02224c7f60e6d4c939c2ec1337fb2e86d439a386014e08e69e1ed1be1a0ba670125546989dcdac1e693ea0cebb08734c986a509827eaf18408b3bb99d7d3200ea833cc971f61e2660e0b31bb8902c9d64681e978a4afc2355c224cbd597fcbc3e95c4698f630d79ec3cce041110751392e081f16cc8a05662d9c430ca6733d45c5f695608ee66743f16a6ea26aaf7931a0ce079890c0415416f629301698f59734a0cee8a83d11e63e3c98050bccda607d1c4ce702258e8a308781594b40331f4ce70ced118930b7e1c1142c3013bd6cf590754dae47d8234cada9401a57579887118ad4e0844c0ea2525c72285c98efce30eb9ffc5039da0b9c6aa8bf2890c35c840d73293812eedf274d6e9df194e902f3301d982bc151d7643110cc134e03ef00f314615a3413a58db3cc3a178a5e0a2378981bd0a79c611e703a7c6e9d332dd5a203cc0d1e400283093f56675120f9e7103aebb9a61d606a45a7038379e08109cc8203bca75c699553224cadb9e3810932884a7e9d37789749557219224cb88f767f4f3b9c429d55e7cc90d0b6bf2881750cec14182cdd4b1005527bef9995144aabafe7224a2fbf1296731a3a1228a2706a6f4625c12aed51a0b3bfa8724a308f14513bc552efc6d4dcc10fc559543525986b8aa80a24515f257c4aee60ae7d775199b6240e0c66c5f39ed0384b99d95a0770d25c90e110a0d060966c30b38160960a4dc72c30f721c204a57b49a28456ac8247c91c8db2eea2525c3c2134983350c68b222a814b203698b0c76f09a2b4ea51a1c1843517d946ec47c4015dc91497c07116759a12cc0551d4691098a09ed19a226a133ccc8de6ef70960cad405c4a82fe4e12a5572c0b0de6890f2678efeb2160ceb960aec2847960b1945d9a49a6ef4dc84a168aab8057a1976c0d6d359bea43a3b3e442df9b9095ccb542abaea24addc11d1acc4c1f1a9d25d7c7ec15134c3eb34dae97391f05e678fe4c63257767c9b9b65ea42a59dfbd2e68d14586492030e73478ff6f64c9fc3037dac0c101731d26ccd250fcdb5df2015b3fc930d9227281856a1f264cc1129131e38b3b9f358557af69a2c0266c1b264ca93862a566fa89101e98b9be71728569b04f4598ad4dfaf19ec6894e44989dcd8d16f84f919cd20fde0d7458b0be095e840af3a0b96c299233f465f075a7055154a9f423c1c1c14c3982c56786cc036b062585eeee761505f660b340611aac0614c9f4cc030d04e64451069b41d830dfe8920f70d7ca478008b39e132a5c98956e35a048cec8a997ea04ea46083e51d78c4e21c22c14c3d1c75fcd0aae808804ea2b6da2a88d62dbb2fa0bd3b0d12449862b209a92f50f8df1bb5062123013b264b402a22999d76700beef625c9823fa33a1cdf24897bc032e4d9a92295ff2d3ca60830ece390dbd0973ba64728d0363910db5268aca0cdea1f0601a366024c915639d37b066e183394f2601f36ae7224926975f33961822d765d84d0366a559a0b9bad352b08dd8e4f237f59dc9315c98fa3a8f26f9c0d69d4e8c55c640c466b83013ed9039dbec742489928a6ffa855f6cc03037786f42939c73ed27e094c9b62cfb984b028679c0cb599ae47a3251d26b4b15df9615aef2c2850982da2f5e43a2e4ba4589202a51e4aa34bf9a29f066060c33c387648992ebd94409a20a45ae4a635c4b0d5a49e7e9302bbc9c254a4eb5033a4ea2324ead94e25a96790eb3c0cb59a2e44c8ff7731055ef4c4b2a4ca1188d495ec3449f2d5972a987883988129ccb3234f8840c73c3b9d4804eb5b9b3a89c73f79b412bd7a83047f567c2341cef74c9f501d23d4275870320285aa1270cd7390d27b90503cc94e35487e23ce9b081d2428699a3c811aae45ccb0b4d3bea79243f2fca5812324c9c37802c59d14fc81e382393d81fd0639838a30755325851edc99149efacf3889281c3e49e5252854b63f41595b11e9a605e14f80d7307a39dc89273452d0773623d6878e25daefb0d130d4364c9424befd45354c17a385f4b0c1534cc1c2e10c892815d7be9f04429670e14b8fe59870e133d2d5d7286cdbd3d45e981d99407cc7196afa061a271882e197c1de725503f51d029477e40bc980d1ce609ac80e89261ba52492837a7e6ace51a9d2bc9bf104c90a1974372869640bd44557090263fa0961833689802ce710c9261d19a7e55c6405012a1aae7bd594c0c2648c93d67909ca0aed9e7de52b1d4a87f34335cda6a5c98e3fa33cf4da578623d1e4da19cb3bf1fb832ec4bfd64144794b7d7cee97373a39f9fa649067eb05ec94f4be6b262c052bc9802ccd4b4b32349ce95218b92cdbd073c4a101f50e8f556028709e695233b4cb516b6f7c2a2624bfa03e68af7cca2ff304bc512b8d308f396ccdfe2de0d37cc4c2fea10384ca90cc7c43961be598e6fb0c010034c53b995d0619e0cd92d39615a46d8158a1da661ee0e1d66aaf46857569897ed49bf6f8a650154e9e343f03033c55c5c00c3bcbcc85eeb309e9e99a901aaad780eb350ba3f9817e639615ac7bda56287991c0c05ab4387a9d7dc6287a9928e7ba51a00e630b5033d877950bc855f0d3057b2f55e6dc2e4983341675f4e05a661d2e486d99e4d097e4e5c3d331ba812b6df302bc55675ab11e6c3866fb8d7c8920c13ee328f5381699834f9613696c74b4c632c074c83196a6498a3fb33b173e1fa0d93249b61de8252b47bc5c67cf952d0d4a8a0c9e0192ff62930536d761902a65a6cb59020641a6684097de46f938169f0599124574d7cd4e7fb58740bb295c5490d05f3e41ef0f0d23067684f3850cf3cff7e3e2efef8e7d3a9e54a224c819e693230e1a4b91e12e647cffff9dff3d59fbe7c6fbd8c0a3327c495bd76cf4cb14b7e4098b63f1a4c18fef336259839b67c0d346776fee66c3015257cf7a561c24973ffb49eb9905c304bec519d0e4c3869ced9602e8a432f987b3698195ea04fa8678249931a4a9ed7c325ffd583e5bbe0820937266fd38299732ee42bb08a4c7b0cb2332e9842b1aecf5f0b267cf8395bcf144d6674e3203b638399f1ee9c5f0b261c96968209e64ae0f3b32dbf73806d3ddcf2e83edac320838598164cf4295360d62340aebdabb4627989b8021e94bdb31a89e2b536bf184cb8375cbb8b02bbcc9bfd21b359fc5c5d9b3b43a8607f35e012e0387be28b1ddd9fa979ffdedc832c2a1cb630b39a36efde4eb85c3a4a373552660fed2b39a7cf300f3ce14f3b658039931b3b9628d643a9bf253d446d393998e82d1edd4409e40639defe9a88769abf3f22842a2dde40f457a352cc514daf06b350f4f8efdf30a4edfdaf4db121f7b9b1213ef2e6d12685755f9498184c68d1733866a375cbdb6c755f17349a8256896854e3fcfb2165cf27524a3f403c2d98a9619cb51725e59f0df1958f8b85b9737e932d6a5c696ffb3d9169949d164c345bd99ec3bb36a5fc6a7468a18b4baddb2d7e48d1a6c63ddca4d71365ca707e785a30d16cd5036603cadb3e115c5c80fefbc7f65163a8490db044b27c22a5b80f29be1ecc833ecedaddfbb569363492175ffefae7fb7ffef9f9bfc4ac469361fe6722ed364c956df075c030d1e6c4ba34d8d7e6b081a631b9f6d325371bff3e3ab2cd78912af683fdaf0753e8e36ce7bd455b5456e2a446d2b289597cbbc6c0b78a3229313998e82dae3beefd68fc7b6363a1ebab557b08d18fa463a7922b539286a9c144e3ecb2d5f492a0b58ce1b7755423e9b0e4fed1ba534177cf27da339111e8ecd26dbaf8a3539e3a5d5ace5a155da2572d461d34596ca70a13595f9a2b77cb2f5d8673d264957487f72df6d2a25ce3d8758931cc67b9dd2e8d0c4f37c658a98ea9f2579c80bb563b8b80a16fd278ef4971e7b67e3de7f4754b8f273d9382a50dca8f4196a295b4f93f165bc74798064cf40e0d9f7522ecc2b3a8f5f084d517f3b96b7059c809c344ae61ed62cb709e8b859da4556247f33275827b35b3c5746116ca9490f2d7e8671935f94ed7aadd010a6cb6f57b736d77345d9838b124faabddfb65a8937879137f5afd67b0e2c34173654e1866a66d351bd716bdd6252e4dcb317d9188c7bd42370e4f1866a18c517a3d58fe2ed9b4b25d6d6dc5fdde4cb7414d18261e497fc1b463f939e1dc2a27b2d8d8f74d6df9b392d38629d0b7bdbeff55d8a0fc632bd9b5b2d9d62e6e912bb9c10537659808daea3e8259bcd2cfb71d3ab7561606a7e5f5233a190c8a5386895d16b752c3ddf6b51f0f59fc5a75e3bc9c83284de9faa60c13e74abb061c7459be2f86d20167f26e9c47fd24e83ac24c94be3b11561ea941b59265c72637d172d6ca08334123ea5c74788b1f51adc32ad99acdeb32a866467fea33613ed39f796d96da07de36c8ae9211956cc5b9c603efd3dfa40730f1c2752ebb7ae5684a76f54eedb874848986ab45d635c08e19dc6b8d731e6126d2d23e70733f3d21b6c5d23b9ecc224c6b47d7dff259e13556389732c2bc342d72df7db608461eb2f9b5db0d17612606777d434ae727cf051d53a78c306fcdaccbcb253c50f2b7d6e54f84796f8a8e6c855e28d9da399308f3d1dc796225686f36afd4de6584f96856ad7177bec09c350eb5c708b3d6dcb49eecf2056653d2e9858c306bcd8cf794de60cda4b4c9a5307198b2798cf50aa699a68c3081493b3586a8fa0713a730786a4a2e0cf3e9fecc5b539866a2a76b656c6a53c2d61725bd794f3bc349683f619e0cf1401126689686c1cb4b98b9213b7884899a277dbdef254cbc8b5a8908536b567ad7f411a636631e6711a6ded40c075ec26c0a178930413337a6c4f70c666aaac11061767ff4f7a585474aeac799648469371d79b4b66858a5f935b17bb550540d6398374ae6064b5e846995afe211f3e68d92caefcdb05fc615e3692b7f944c4d26f608d3d6ec795d0379a2646934b147984d67e9cc8794fd50d2e0419711660bcccc587fcd0b250d5ebab967307d72159e9b1b531a592f943464cc905ebd3ae91dccdce4a2f642c94dc3c629c26c6e6e0c83990f4a664d87f8224cdb2269c0aaf74c250da13fc75984d9d53c35a4dd79ae56fa8071b7354698fdfac0fbd307b4d4cff1c27b98a6b30ac7272f35aaa632c711664753349d4b7e9a56ff6fef5c9ad386a1286c2561af5b20ebd634acc194aee304ba2ecf3d94f0ff7f42c13334a4a39785644bcad12233678175ad2f5832baba471811601ac92fa214da16a312d5bdfd468069264505f5796b510913b409300d65575cdfac9da898e8b0d018308da5e8586bd952543dd9c109c034937de1b9b956a2129e362c01d35c0aa7a9cb99b046a3129e96fe4a80594392dcecb4d90a5d775207dd006186b59ff92e1f157e5f9f2f8c2837a7afa4b018c4a2e1942061d5ffa7e012408387c9e52e144d85c1b8b24a1e609acbaed885a2c130c4fe60630e98f5e552e642d1501862f7aa27024c0bc9255e5c0d852171226380e9e68cf2c7b2159e07465c8e6b4c80692797ca82325ec350f40d98763257d1f41986ac4c1e2958de54000002a849444154034c5b29aba9e7dddb47c6724780692dd94b2e9f373dfe13ed55d5df00d3f67157c869faeb779fcbeb1d02a6bdec4b3d2cfdbd12c94a6c9680799b947bbc959efa95bab08e09306f0df0456e8ee1a3df47a5e57cd86315e87ee6b52c3476d34ef7515fe56eb614fa58c500535e8e7fe8ba5f454d7d06984ea4c2c4a674da514f654203986ee49dcaf3c45d47af4adf12c07423556e6143e6e88c98cab6e43b01a6bb75c95e6f487463472a43a12101a643c90bad55d82d1da95d320704982e25eb694dfcec3b225a29af5e02a65bc9fa6af3b7c3657aad7f659d9fe28200d3b1641a97cdc16fbbd9983a1aa7d31d6780e95ab26e6e84b3de3a79ae33ad1df30c303d9c93bcd71ae0ae6b5ef997d67f78c433c0f47282594f339f9664faa6d25be92f37a20c303d49039af9e0ade2a95ebe12d77f292f2c01d39334a1796a6fcfd2c5edf9cfc3b630bacc88a21a9cf0f733ffcb8034a479fa821ed7ff5639d76d6608b26219d7e0c406d3641574dd26c7cd66363b7dae33df6c8f935a9f1d71c0f42ce9316fa6eda27b6cc50753fb5b90a3b6e01960fa979adf69ddb432c6c1891066a6dc7a74d2068c6780d9945c7a657939830998cdc87b8f2c4714db68440e93fc2d8316118e46e43089fc4c9cc34847237298aa6c3aebf68300b31549bdc2f52ab624c06c49325a3965398d7a342287794eab2b5c7f2d01b335a94dc7326e87d305631f8db8f6334592af9c3d61e31e8d14606a52988dde471801662092dd8673581201664059b5f6384f283903ccb01231ede6ce69493c85db4f0b66253bf55e54ce69d33c9ddb4f0ca6690a6545f2c012b8dfa4619e79ceffe827ca7532f79b34ccea35fa612b07fa5391550b9801ca4af0d9e63abb7230396e66cf975f750133c6a7eec7c613bedff4617e22099880090998907e6126b0830799cae634e4bbfc0bb49486bde2e756e40000000049454e44ae426082, NULL, '');

-- --------------------------------------------------------

--
-- Estructura de tabla para la tabla `usuario_equipo`
--

CREATE TABLE `usuario_equipo` (
  `usuario_id` int(11) NOT NULL,
  `equipo_id` int(11) NOT NULL
) ENGINE=InnoDB DEFAULT CHARSET=utf8mb4 COLLATE=utf8mb4_unicode_ci;

--
-- Índices para tablas volcadas
--

--
-- Indices de la tabla `campo`
--
ALTER TABLE `campo`
  ADD PRIMARY KEY (`id`);

--
-- Indices de la tabla `doctrine_migration_versions`
--
ALTER TABLE `doctrine_migration_versions`
  ADD PRIMARY KEY (`version`);

--
-- Indices de la tabla `equipo`
--
ALTER TABLE `equipo`
  ADD PRIMARY KEY (`id`),
  ADD UNIQUE KEY `UNIQ_C49C530B5624577C` (`capitan_id`);

--
-- Indices de la tabla `liga`
--
ALTER TABLE `liga`
  ADD PRIMARY KEY (`id`);

--
-- Indices de la tabla `liga_equipo`
--
ALTER TABLE `liga_equipo`
  ADD PRIMARY KEY (`liga_id`,`equipo_id`),
  ADD KEY `IDX_983BBD17CF098064` (`liga_id`),
  ADD KEY `IDX_983BBD1723BFBED` (`equipo_id`);

--
-- Indices de la tabla `partido`
--
ALTER TABLE `partido`
  ADD PRIMARY KEY (`id`),
  ADD KEY `IDX_4E79750B5911A3A3` (`vigilante_id`),
  ADD KEY `IDX_4E79750BCF098064` (`liga_id`),
  ADD KEY `IDX_4E79750BA17A385C` (`campo_id`),
  ADD KEY `IDX_4E79750B5D5A2101` (`local_id`),
  ADD KEY `IDX_4E79750BD80AA8AF` (`visitante_id`);

--
-- Indices de la tabla `reserva`
--
ALTER TABLE `reserva`
  ADD PRIMARY KEY (`id`),
  ADD KEY `IDX_188D2E3B23BFBED` (`equipo_id`),
  ADD KEY `IDX_188D2E3B5911A3A3` (`vigilante_id`),
  ADD KEY `IDX_188D2E3BA17A385C` (`campo_id`);

--
-- Indices de la tabla `usuario`
--
ALTER TABLE `usuario`
  ADD PRIMARY KEY (`id`),
  ADD UNIQUE KEY `UNIQ_2265B05DE7927C74` (`email`),
  ADD KEY `IDX_2265B05D23BFBED` (`equipo_id`);

--
-- Indices de la tabla `usuario_equipo`
--
ALTER TABLE `usuario_equipo`
  ADD PRIMARY KEY (`usuario_id`,`equipo_id`),
  ADD KEY `IDX_3E8EB002DB38439E` (`usuario_id`),
  ADD KEY `IDX_3E8EB00223BFBED` (`equipo_id`);

--
-- AUTO_INCREMENT de las tablas volcadas
--

--
-- AUTO_INCREMENT de la tabla `campo`
--
ALTER TABLE `campo`
  MODIFY `id` int(11) NOT NULL AUTO_INCREMENT, AUTO_INCREMENT=7;

--
-- AUTO_INCREMENT de la tabla `equipo`
--
ALTER TABLE `equipo`
  MODIFY `id` int(11) NOT NULL AUTO_INCREMENT, AUTO_INCREMENT=10;

--
-- AUTO_INCREMENT de la tabla `liga`
--
ALTER TABLE `liga`
  MODIFY `id` int(11) NOT NULL AUTO_INCREMENT, AUTO_INCREMENT=5;

--
-- AUTO_INCREMENT de la tabla `partido`
--
ALTER TABLE `partido`
  MODIFY `id` int(11) NOT NULL AUTO_INCREMENT, AUTO_INCREMENT=72;

--
-- AUTO_INCREMENT de la tabla `reserva`
--
ALTER TABLE `reserva`
  MODIFY `id` int(11) NOT NULL AUTO_INCREMENT, AUTO_INCREMENT=61;

--
-- AUTO_INCREMENT de la tabla `usuario`
--
ALTER TABLE `usuario`
  MODIFY `id` int(11) NOT NULL AUTO_INCREMENT, AUTO_INCREMENT=15;

--
-- Restricciones para tablas volcadas
--

--
-- Filtros para la tabla `equipo`
--
ALTER TABLE `equipo`
  ADD CONSTRAINT `FK_C49C530B5624577C` FOREIGN KEY (`capitan_id`) REFERENCES `usuario` (`id`);

--
-- Filtros para la tabla `liga_equipo`
--
ALTER TABLE `liga_equipo`
  ADD CONSTRAINT `FK_983BBD1723BFBED` FOREIGN KEY (`equipo_id`) REFERENCES `equipo` (`id`) ON DELETE CASCADE,
  ADD CONSTRAINT `FK_983BBD17CF098064` FOREIGN KEY (`liga_id`) REFERENCES `liga` (`id`) ON DELETE CASCADE;

--
-- Filtros para la tabla `partido`
--
ALTER TABLE `partido`
  ADD CONSTRAINT `FK_4E79750B5911A3A3` FOREIGN KEY (`vigilante_id`) REFERENCES `usuario` (`id`),
  ADD CONSTRAINT `FK_4E79750B5D5A2101` FOREIGN KEY (`local_id`) REFERENCES `equipo` (`id`),
  ADD CONSTRAINT `FK_4E79750BA17A385C` FOREIGN KEY (`campo_id`) REFERENCES `campo` (`id`),
  ADD CONSTRAINT `FK_4E79750BCF098064` FOREIGN KEY (`liga_id`) REFERENCES `liga` (`id`),
  ADD CONSTRAINT `FK_4E79750BD80AA8AF` FOREIGN KEY (`visitante_id`) REFERENCES `equipo` (`id`);

--
-- Filtros para la tabla `reserva`
--
ALTER TABLE `reserva`
  ADD CONSTRAINT `FK_188D2E3B23BFBED` FOREIGN KEY (`equipo_id`) REFERENCES `equipo` (`id`),
  ADD CONSTRAINT `FK_188D2E3B5911A3A3` FOREIGN KEY (`vigilante_id`) REFERENCES `usuario` (`id`),
  ADD CONSTRAINT `FK_188D2E3BA17A385C` FOREIGN KEY (`campo_id`) REFERENCES `campo` (`id`);

--
-- Filtros para la tabla `usuario`
--
ALTER TABLE `usuario`
  ADD CONSTRAINT `FK_2265B05D23BFBED` FOREIGN KEY (`equipo_id`) REFERENCES `equipo` (`id`);

--
-- Filtros para la tabla `usuario_equipo`
--
ALTER TABLE `usuario_equipo`
  ADD CONSTRAINT `FK_3E8EB00223BFBED` FOREIGN KEY (`equipo_id`) REFERENCES `equipo` (`id`) ON DELETE CASCADE,
  ADD CONSTRAINT `FK_3E8EB002DB38439E` FOREIGN KEY (`usuario_id`) REFERENCES `usuario` (`id`) ON DELETE CASCADE;
COMMIT;

/*!40101 SET CHARACTER_SET_CLIENT=@OLD_CHARACTER_SET_CLIENT */;
/*!40101 SET CHARACTER_SET_RESULTS=@OLD_CHARACTER_SET_RESULTS */;
/*!40101 SET COLLATION_CONNECTION=@OLD_COLLATION_CONNECTION */;
